student_id,age,study_hours_per_day,social_media_hours,netflix_hours,part_time_job,attendance_percentage,sleep_hours,diet_quality,exercise_frequency,parental_education_level,internet_quality,mental_health_rating,extracurricular_participation,exam_score,gender_Female,gender_Male,gender_Other
S1000,23,0,1.2,1.1,0,85,8,1,6,3,1,8,1,56.2,1,0,0
S1001,20,6.9,2.8,2.3,0,97.3,4.6,2,6,1,1,8,0,100,1,0,0
S1002,21,1.4,3.1,1.3,0,94.8,8,0,1,1,0,1,0,34.3,0,1,0
S1003,23,1,3.9,1,0,71,9.2,0,4,3,2,1,1,26.8,1,0,0
S1004,19,5,4.4,0.5,0,90.9,4.9,1,3,3,2,1,0,66.4,1,0,0
S1005,24,7.2,1.3,0,0,82.9,7.4,1,1,3,1,4,0,100,0,1,0
S1006,21,5.6,1.5,1.4,1,85.8,6.5,2,2,3,0,4,0,89.8,1,0,0
S1007,21,4.3,1,2,1,77.7,4.6,1,0,2,1,8,0,72.6,1,0,0
S1008,23,4.4,2.2,1.7,0,100,7.1,2,3,2,2,1,0,78.9,1,0,0
S1009,18,4.8,3.1,1.3,0,95.4,7.5,2,5,2,2,10,1,100,1,0,0
S1010,19,4.6,3.7,0.8,0,77.6,5.8,1,1,0,2,3,0,63.3,1,0,0
S1011,23,3.9,2.4,2.5,0,71.7,7.9,1,2,2,1,1,0,74.4,0,1,0
S1012,19,3.7,2.1,0.4,1,81.1,4.5,1,1,2,2,9,0,76.9,1,0,0
S1013,19,3.4,2.7,2.7,0,89.3,4.7,1,4,2,2,10,0,75.8,1,0,0
S1014,24,2.4,1.5,0.7,0,87.4,6.7,0,6,2,1,9,0,78.9,0,1,0
S1015,21,3.1,5,1,0,97.5,6.5,2,6,1,1,7,0,74,0,1,0
S1016,20,1,0.6,0.2,0,92.9,5.6,0,3,1,0,8,1,55.2,0,1,0
S1017,24,3.4,2.7,1.2,0,94.7,7.5,0,0,1,1,1,1,70.8,1,0,0
S1018,24,2,4.9,2.9,1,88.3,7.1,2,2,1,2,5,0,43.9,0,0,1
S1019,19,1.8,2.5,2.4,0,71.1,7.5,1,1,1,1,2,0,45.3,0,1,0
S1020,22,3.8,2.3,2.9,0,83,6.4,2,3,3,2,1,0,58.5,1,0,0
S1021,21,5.6,2.1,2.4,0,95.6,7.2,1,1,1,2,3,0,82.5,0,1,0
S1022,18,4.9,2.3,0.6,0,84.5,6,1,3,1,1,7,0,98.7,0,0,1
S1023,24,1.1,4.1,1.4,1,90,9,1,6,2,2,1,0,43.7,1,0,0
S1024,20,2,0,0.9,1,81.8,5.5,1,4,2,1,2,0,54.9,1,0,0
S1025,22,4.9,4.3,3.3,0,74.7,9,1,1,1,1,2,1,69.9,0,1,0
S1026,22,2,0.8,0.5,0,83.8,6.5,2,4,2,0,4,0,73.5,0,1,0
S1027,18,3.2,2.2,2.8,1,88.1,4.8,1,5,2,1,3,0,71.1,0,1,0
S1028,24,4.3,2,2.8,1,78.4,8.1,2,5,1,0,3,1,82.8,0,1,0
S1029,20,2,3.2,3.8,1,82.6,6.7,0,6,1,0,10,1,75.7,1,0,0
S1030,21,3.7,0.6,1.3,0,75.6,7.5,1,2,3,1,5,0,70.6,1,0,0
S1031,17,1.5,3.1,2.6,1,96.2,8,1,4,2,1,3,1,51.3,0,0,1
S1032,20,2.6,4.9,4.3,0,82.1,6.9,2,3,2,2,7,0,52.1,0,0,1
S1033,18,4,0.9,1.1,0,99.5,5.8,0,2,0,1,5,0,70.7,1,0,0
S1034,22,1.1,2.7,0.1,0,100,7.7,1,1,1,2,4,0,51.2,1,0,0
S1035,21,4.2,1.7,0,1,84.2,6.5,2,1,2,1,3,0,72.6,1,0,0
S1036,20,3.5,3,2.6,0,74.9,7.3,1,3,1,2,4,0,70.7,1,0,0
S1037,17,4.3,2.5,0,1,64.1,3.9,2,0,1,1,2,0,59.4,0,1,0
S1038,17,3.8,1.7,1.4,0,70.3,7,0,0,2,2,1,0,58.1,0,1,0
S1039,19,5.5,3.1,2.3,0,71.3,5.7,2,1,1,1,3,0,82.3,0,1,0
S1040,19,3.7,4.7,2,0,98.8,8.5,2,6,2,2,2,0,69.7,1,0,0
S1041,23,2.9,2.3,2.3,0,86.2,7.2,2,6,2,1,1,0,66,1,0,0
S1042,18,3.7,3.4,2,0,88.9,6.8,1,3,1,0,1,1,63.5,0,1,0
S1043,24,4.3,0.9,3.2,0,62.8,7.1,0,0,2,2,2,0,65.7,1,0,0
S1044,20,3.6,1.4,0.8,0,73,5.3,2,4,1,0,9,0,78.5,1,0,0
S1045,20,3.6,3.1,1.1,0,93.9,8.4,1,1,2,1,5,1,75.1,0,1,0
S1046,24,2.4,4.3,1,0,87.9,8.9,0,5,1,1,9,1,71,0,1,0
S1047,23,2.5,2.9,2.7,0,83.5,7,2,4,0,2,8,1,59.7,1,0,0
S1048,22,1.4,2.1,2.8,0,90.6,8.4,1,3,2,2,6,0,52.6,1,0,0
S1049,22,6.1,2.5,2.3,0,100,5.8,0,5,1,1,1,0,96.5,1,0,0
S1050,23,1.6,1,3.1,0,82.8,5.5,1,4,3,2,10,1,62,1,0,0
S1051,22,2.5,3.2,0.5,0,85.7,6.5,0,0,1,1,5,0,59.7,1,0,0
S1052,19,2.4,3.6,3.6,0,86.9,7,1,6,1,1,1,0,48.4,1,0,0
S1053,20,4.8,2,3.5,0,100,6,2,0,2,2,7,1,70.6,1,0,0
S1054,23,3.1,1.9,2.6,1,64,7.1,1,5,1,2,10,0,68.1,1,0,0
S1055,20,5.4,2.8,3.8,0,91.8,6.9,2,2,1,2,8,0,87.2,0,1,0
S1056,24,2.5,2,0,0,83.9,5.3,2,6,2,1,8,0,66.7,0,1,0
S1057,17,3.9,2.4,1.2,0,90.7,7.1,2,1,2,1,7,1,75.2,0,1,0
S1058,19,2.2,5,1,0,78.4,7.5,0,5,3,1,2,1,46.4,1,0,0
S1059,21,6.7,2.2,2.6,0,84.5,6.7,2,3,3,1,5,1,97.1,1,0,0
S1060,19,1.7,2.1,0.6,1,92.1,7.9,1,1,1,1,4,0,61.2,1,0,0
S1061,23,4,1.7,2.6,0,100,5,1,4,2,2,5,0,75,0,1,0
S1062,21,4.5,3.4,3.3,1,93.1,7.1,2,6,1,2,10,0,94.7,0,1,0
S1063,17,4.1,2.3,2.6,1,76.5,5.1,1,3,2,1,9,0,77.6,0,1,0
S1064,23,3.2,1.7,2.1,0,80.8,5.2,2,3,1,0,4,1,68.6,0,1,0
S1065,18,3.3,4.1,0.7,0,80.5,5.7,0,0,3,2,8,0,69.6,1,0,0
S1066,20,3.6,4.2,0.9,0,67,5.4,2,4,2,1,8,0,66.5,0,1,0
S1067,17,3.3,1.8,3.2,0,81.7,5.8,0,0,3,2,2,0,62.2,0,1,0
S1068,20,4.9,0.3,2.7,1,92.3,6.2,2,0,2,0,6,0,82.1,1,0,0
S1069,22,6.8,3.7,1.8,0,72.3,7.5,0,6,3,1,5,0,100,0,1,0
S1070,18,2.7,1.7,1.3,0,95.5,6.1,0,2,2,2,2,1,59.7,1,0,0
S1071,18,1.4,3.4,0,0,89.9,4.6,1,0,1,0,10,1,55.1,1,0,0
S1072,17,3.4,0.1,0.6,0,77.7,7.9,1,1,1,1,4,1,77.1,0,1,0
S1073,18,7.4,3.6,3.9,0,83.6,5.5,1,3,1,1,7,1,97.7,1,0,0
S1074,21,2.3,1,0.4,0,100,6.4,1,6,0,2,1,0,66.9,1,0,0
S1075,18,6,3.4,2,1,92.3,7,1,0,2,2,9,1,99.9,1,0,0
S1076,20,6,2.5,2.9,0,85.1,6.7,0,5,2,1,10,1,100,0,1,0
S1077,20,2.7,1.4,0.4,0,82.6,7.8,1,1,2,0,1,0,57.2,1,0,0
S1078,23,4.4,2,2,1,85.8,7.1,2,4,3,2,5,0,77.3,1,0,0
S1079,20,5.9,3.3,2.8,1,79.9,5.5,2,3,3,1,7,0,91.6,0,1,0
S1080,23,2.9,2.6,1.8,0,64,9.1,2,6,1,2,8,0,70.7,0,1,0
S1081,20,3.2,3.2,5,0,100,6.7,2,5,1,0,2,0,57.6,0,0,1
S1082,21,2.6,4.9,0,1,86.6,6.3,1,6,1,0,4,0,60.2,1,0,0
S1083,24,2,0.6,3,0,89,7.7,0,6,1,2,2,1,50.5,0,1,0
S1084,23,2.5,4.4,1.6,0,84.4,6.8,1,5,2,1,4,0,51.3,1,0,0
S1085,19,1.7,2.6,2.6,0,77.6,7,2,4,2,2,6,0,53.5,0,1,0
S1086,22,3.6,1.4,2.3,0,83.1,9.5,2,5,2,0,6,0,79.2,0,1,0
S1087,17,2.3,0.9,1,0,69,6.2,1,1,3,1,2,1,47.2,0,1,0
S1088,20,3.9,2.3,2.1,0,100,6.1,0,6,2,2,4,0,73.4,0,1,0
S1089,18,1.2,3.6,0,0,72.7,6.6,0,4,1,1,4,1,41.1,0,1,0
S1090,24,4,2.3,2.5,0,74.7,7.8,1,6,2,2,1,0,77.8,0,1,0
S1091,20,4.8,4.3,2.1,0,80.6,4.7,1,5,1,1,2,0,63.4,1,0,0
S1092,18,0.5,0.8,2.5,1,97.9,4.1,0,4,1,2,3,0,43.9,0,1,0
S1093,22,4.1,2.5,3,0,85.1,5.8,2,4,0,2,5,0,70.2,0,1,0
S1094,22,5.3,1,2.2,0,72.6,4.5,1,0,1,1,8,0,81.3,1,0,0
S1095,22,1.7,2.9,2,0,97.5,6,2,0,1,2,6,0,50.2,0,1,0
S1096,18,6,3.6,0.8,0,92.3,7.1,2,0,1,2,3,0,87.9,1,0,0
S1097,20,4.1,2,1,0,90.4,5.4,2,5,2,1,6,0,80.9,0,1,0
S1098,22,2.4,0,3.1,0,92.2,4.8,2,3,2,2,7,1,63.9,0,1,0
S1099,21,3.4,2.7,3.4,0,100,6.6,2,1,1,2,6,0,65.6,0,1,0
S1100,23,4.3,3,1.5,0,100,7.5,2,5,0,1,10,1,93.2,0,1,0
S1101,18,3.6,3,1.9,0,78.1,4.5,2,6,2,1,6,0,74,0,1,0
S1102,18,4.3,4,0.8,0,100,7.5,1,0,0,1,1,0,60.8,0,1,0
S1103,20,2.1,1.2,3.1,0,88.8,7.5,2,4,3,1,3,0,50.4,0,1,0
S1104,18,3.8,3.3,2.5,0,90,7.6,2,5,2,2,7,0,74.3,0,1,0
S1105,18,1.4,3.9,3.9,1,68.1,8,2,4,1,1,4,1,32.8,0,1,0
S1106,22,3.3,0.4,0.8,0,83.3,9.1,2,6,1,2,4,1,82.3,0,1,0
S1107,20,2.1,2.9,1.4,0,76.9,6.1,1,4,0,1,7,0,60.4,0,1,0
S1108,22,2.4,1.9,2.1,0,93.3,6.6,0,4,1,1,9,1,60,1,0,0
S1109,23,5.4,2.4,2.5,0,95.7,6,1,2,1,2,2,0,77.5,1,0,0
S1110,24,5.1,2.9,1.6,0,64.3,6.5,1,3,2,1,9,1,86.5,0,1,0
S1111,23,4.4,1.9,0.8,0,84.8,8.3,2,1,1,1,3,0,76.9,1,0,0
S1112,24,1.9,1.7,2.8,0,96.2,4.9,1,1,2,0,6,1,43.9,1,0,0
S1113,22,3,2.5,2.6,0,83.1,5.5,1,0,2,1,4,0,51.3,0,1,0
S1114,23,5.3,1.2,0.8,0,92.3,8.2,1,2,1,1,1,0,83.3,1,0,0
S1115,20,3.7,1.2,3.3,0,88.5,7.7,0,5,0,2,9,0,82.7,1,0,0
S1116,17,7,3.3,3.1,0,88.4,6.1,2,5,0,1,6,1,94.8,0,1,0
S1117,22,4.1,1.1,1.9,0,82.3,7.5,2,1,0,2,8,0,80.8,0,1,0
S1118,24,3.8,3.3,1.9,0,72.8,6.9,0,3,2,2,2,1,58.3,1,0,0
S1119,21,3,3.1,2.4,1,73.8,8.3,1,4,1,1,7,0,66.3,1,0,0
S1120,24,3.7,0.4,0.9,0,92.1,6.6,1,6,2,1,6,0,87.9,0,1,0
S1121,21,3.3,1.7,1.8,0,85.2,7.7,0,0,1,2,2,0,60.5,0,1,0
S1122,18,4.6,3.9,0,0,83.6,9.7,0,3,1,2,2,0,84.8,0,1,0
S1123,23,4.9,1.3,2.8,0,80.8,7.2,2,1,2,1,4,0,77,1,0,0
S1124,21,2.3,1.9,0.1,0,81.9,6.6,1,2,2,1,4,0,61.7,1,0,0
S1125,24,1.5,3.1,3.5,0,95.5,7.4,1,0,1,1,3,0,44,0,1,0
S1126,18,0.7,3.4,1.4,1,81.6,6.1,0,1,1,0,8,0,42.4,0,1,0
S1127,17,4.3,2.2,1.6,0,71.6,9.4,2,5,2,2,7,0,88,1,0,0
S1128,20,1.8,1.8,1.1,0,92.4,6.7,2,0,1,2,2,0,48.7,0,1,0
S1129,20,0.3,4.2,1.5,0,83,6.2,2,1,1,1,3,1,26.8,0,1,0
S1130,20,4.1,4.6,3.4,0,85.3,5.5,0,5,2,2,10,0,81.6,1,0,0
S1131,21,7.2,3.7,0,0,100,7.8,2,6,1,2,9,0,100,1,0,0
S1132,17,3.5,2.6,3.2,1,84.8,7.5,1,5,2,1,5,1,74,1,0,0
S1133,21,4.8,1.5,2.2,0,87.9,5.9,1,4,2,0,2,1,78.4,1,0,0
S1134,23,3.6,1.5,0.5,0,73.2,7.2,1,2,2,2,3,0,70.7,0,1,0
S1135,21,3.4,3.1,0.6,0,82.8,4.7,1,4,2,2,8,0,74.3,0,1,0
S1136,17,4.9,3,3.6,0,91.1,6.7,2,1,2,2,4,0,67.6,1,0,0
S1137,17,3.1,4.2,0.8,0,69.4,7,2,6,2,0,2,0,64.7,0,1,0
S1138,23,3.9,3.3,0.5,0,87,8.5,1,3,3,1,2,0,64.1,0,1,0
S1139,17,4,0.7,3.1,0,86,5.6,2,6,1,0,6,0,83.5,0,1,0
S1140,24,2.5,3.8,2.2,0,85.4,5,2,6,1,2,8,0,63.4,0,1,0
S1141,17,5,1.3,0.8,0,95.4,5.4,2,6,2,2,7,0,96.2,0,1,0
S1142,20,3.2,2,2,0,88.3,4.9,1,4,2,0,4,1,65.4,0,1,0
S1143,24,2.4,2.8,0.7,0,99.8,8.1,1,3,0,2,2,0,62,0,1,0
S1144,24,4.3,4.9,3,0,75.1,8.4,1,5,3,2,9,1,74,0,1,0
S1145,23,2.2,6.2,3,0,86.4,6.9,2,1,0,2,4,0,46.7,1,0,0
S1146,19,3.5,3.2,2.4,0,85.8,8,0,2,2,2,9,0,75.5,1,0,0
S1147,19,3.5,2.3,2.2,0,74.3,6.7,1,3,2,0,5,1,78.1,1,0,0
S1148,17,5.1,3.1,3.7,0,94.6,6.4,1,1,3,2,7,0,85.2,1,0,0
S1149,24,4.2,3.6,1.8,1,100,6.1,1,3,0,0,5,0,75.4,1,0,0
S1150,19,3.5,2.1,0.5,1,84.8,6.1,2,4,2,1,2,0,64.2,0,1,0
S1151,19,4.7,4.7,2.3,0,90.1,4.6,2,1,1,2,6,0,69.7,1,0,0
S1152,17,5.6,2.8,4.1,0,85.8,6.8,2,4,1,2,7,0,90.3,1,0,0
S1153,19,4.3,3.1,0.7,0,77.9,6.5,2,0,0,1,6,0,81.4,1,0,0
S1154,21,3.5,3.3,1.4,0,66.8,7.4,1,1,2,2,3,0,65,0,1,0
S1155,18,1.5,3,2.3,0,77.9,6.6,1,3,1,2,10,0,57.3,0,1,0
S1156,23,1.9,3.5,1.7,1,71.1,6.3,1,0,1,2,8,0,57.7,0,1,0
S1157,18,3,1.8,0.7,0,100,5.5,0,4,2,0,3,0,56.7,0,1,0
S1158,17,2.6,1.8,3,0,83.8,6.6,1,4,2,2,5,1,62.3,1,0,0
S1159,20,3.2,1.2,4.4,0,81.5,7.4,2,3,2,1,9,0,77.9,1,0,0
S1160,23,3.6,3,2,0,93.9,5.1,1,0,3,1,5,0,65.2,0,1,0
S1161,17,4.3,3.4,0.8,0,73.8,6.6,2,6,1,1,7,0,76.8,0,0,1
S1162,24,3.4,3,0.1,0,77.3,6.8,1,5,3,1,7,0,83.8,1,0,0
S1163,20,4.2,4.5,2.1,0,85.7,5.6,0,2,3,2,5,0,70.6,0,1,0
S1164,18,3.6,2.5,3,0,95.3,5.8,0,3,1,1,2,1,63.1,0,1,0
S1165,17,0.5,3.3,2.3,0,90,6.8,1,4,1,2,5,0,39,0,1,0
S1166,24,2.1,1.2,1.8,0,87.5,5.1,1,1,1,1,7,0,66.7,0,1,0
S1167,23,3.3,2,1.2,1,85.8,6.9,0,0,1,2,7,0,72.2,0,1,0
S1168,23,1.7,3.3,0.6,0,89,5.4,1,5,2,2,4,1,50.1,0,1,0
S1169,22,4.4,3.5,2.7,1,87,7.8,1,2,2,2,1,0,62.4,0,1,0
S1170,24,5.8,2.1,2.8,0,74.7,9.3,1,1,2,2,6,0,96.6,0,1,0
S1171,21,5.3,2.4,0.1,0,85.5,5.5,2,0,2,2,3,1,85.8,1,0,0
S1172,19,3.2,0.7,3.5,0,74.3,7.1,2,5,1,2,5,0,68.3,0,1,0
S1173,20,5.7,2.1,2.4,0,85.8,5.6,1,3,3,2,4,1,83.8,1,0,0
S1174,24,3.7,3.6,3.3,1,80.2,7.7,2,5,1,0,2,0,69.3,0,1,0
S1175,22,3,3.2,0.3,0,100,5,2,3,3,2,7,0,65.3,0,0,1
S1176,19,2.6,3.1,0.3,0,84.6,7.1,2,6,1,1,5,1,77.5,0,1,0
S1177,19,3,2.6,1.6,0,71,5.5,1,0,3,1,7,1,55,0,1,0
S1178,17,2.9,2.5,2.4,1,83.7,6.3,0,5,0,2,9,0,65.2,0,0,1
S1179,19,3.8,1.7,3.8,0,90.2,5.3,2,2,1,1,4,0,58.1,1,0,0
S1180,21,3.7,3.3,2.6,1,100,7.5,1,5,0,2,5,0,69.2,1,0,0
S1181,23,3.5,3,1.5,1,79.1,5.5,2,0,2,1,9,0,67.4,0,1,0
S1182,22,4.2,3.1,0.7,0,69.2,7.2,2,1,3,0,10,0,79.9,0,1,0
S1183,19,5.3,1.9,3.2,0,93.2,6.1,1,1,1,1,4,1,85.7,1,0,0
S1184,17,4.9,0,0.7,0,71.2,6.4,1,5,3,0,5,0,96.2,1,0,0
S1185,21,1.3,3.8,3.6,1,80.6,6.7,1,5,2,2,5,0,40.4,1,0,0
S1186,18,0,1.9,1.5,0,82.4,5.6,1,3,2,1,8,0,55.2,1,0,0
S1187,23,4.9,1.5,3.5,0,84.3,6.8,1,0,2,1,4,0,73.8,0,1,0
S1188,23,1.4,3.3,2.5,0,91.9,8.3,1,3,1,0,4,1,46.5,1,0,0
S1189,22,3.2,2,1.6,0,78.2,5.6,1,2,1,1,7,1,60.5,0,1,0
S1190,23,1.7,3.8,1.2,0,82.3,7.9,0,6,3,2,5,0,55.4,0,1,0
S1191,19,0.8,3.2,1.4,0,84.9,8.3,2,1,3,1,6,0,45.1,0,1,0
S1192,17,4.3,3.3,2.3,0,86.5,5.5,0,4,3,2,6,0,69.4,1,0,0
S1193,23,4.6,0.9,1.9,0,86,4.8,2,4,3,2,6,0,81.3,0,1,0
S1194,23,2.6,4,1.1,0,89.4,6.9,2,0,1,2,10,0,66.6,0,1,0
S1195,18,0,2.8,1.6,0,93.4,5.8,1,0,2,2,5,0,26.7,1,0,0
S1196,18,2.7,2.1,1.9,0,88.9,8.7,2,4,1,0,5,0,64.5,0,1,0
S1197,20,4.1,2.7,0,0,89.5,6.5,1,0,3,1,9,1,87.1,1,0,0
S1198,21,1.3,0.4,2.3,1,69.2,5.5,2,1,1,2,8,1,42.2,0,1,0
S1199,19,3.8,3,0.7,0,85.5,5.1,1,2,2,2,4,0,61.6,1,0,0
S1200,23,3.5,1.3,0.5,0,89.8,7.8,1,2,2,2,7,0,81.9,1,0,0
S1201,24,4.4,0.9,0,0,92.3,5.8,1,3,1,2,8,0,96.5,0,1,0
S1202,23,3.7,0.7,0,0,78.1,6.6,1,1,0,1,9,0,85.1,0,1,0
S1203,17,2,3.8,0.3,0,78.4,7.6,1,6,3,0,5,0,58.5,0,1,0
S1204,20,5.3,1.7,1,0,79.3,5.9,1,0,2,2,3,1,78.4,0,1,0
S1205,21,3.3,4.3,3.9,0,90.4,6.4,1,0,1,2,4,0,56.4,0,0,1
S1206,24,3.5,1.9,1.2,0,95.3,6.5,0,6,2,1,10,1,92.6,0,1,0
S1207,20,2.1,0.5,2,0,80.9,7.3,0,3,2,2,6,1,62.3,1,0,0
S1208,22,2.8,1.2,2.2,1,94.1,7.2,1,3,1,1,10,0,75.8,0,1,0
S1209,21,2.2,4,1.9,0,86.2,6.2,0,0,1,1,5,1,47.1,1,0,0
S1210,23,3.2,2.3,1.7,1,83.8,6.6,0,0,3,2,9,0,66.3,1,0,0
S1211,23,6.1,1.8,0.5,0,82.9,6.1,2,6,2,2,3,1,98.3,1,0,0
S1212,21,1.4,2.7,3.4,0,92.5,4.7,0,1,2,1,2,1,29.7,0,1,0
S1213,23,1.1,3.1,3.8,0,88.3,6.8,2,6,2,0,6,0,45.5,0,1,0
S1214,19,5.7,3.8,0,0,100,8.8,1,3,0,1,7,0,100,0,1,0
S1215,21,3.2,4.2,0.7,0,76.5,5.4,2,6,1,2,5,1,67.5,1,0,0
S1216,20,2.5,2.1,1.5,0,90.2,5.6,1,6,1,1,1,1,60.3,1,0,0
S1217,21,5.1,0.9,0.7,0,79.7,5.5,1,6,1,2,3,0,87,0,0,1
S1218,24,2.6,2,2.4,0,76.3,7.4,1,1,2,2,3,0,48.5,0,1,0
S1219,23,6.2,2.8,1,0,84.9,7,1,5,3,2,4,0,100,1,0,0
S1220,19,4.5,1.3,4.2,0,86.4,6.3,1,0,1,1,10,0,82.1,1,0,0
S1221,19,2.8,1.4,3.1,0,100,5.4,0,4,1,2,6,1,63.7,0,1,0
S1222,22,6.7,2.9,2,0,83.2,6.6,2,6,2,1,5,0,100,0,1,0
S1223,20,2.6,2.4,2.9,0,73.7,4.6,1,4,3,1,1,0,41.9,1,0,0
S1224,18,4.6,2.5,3,0,87.7,6.7,1,5,2,0,6,0,72.7,1,0,0
S1225,18,3.9,1.6,1.2,0,64.3,7.5,2,0,3,1,9,1,74.3,1,0,0
S1226,21,5.5,2.2,0.9,1,84.1,5,1,3,2,2,1,0,88.7,0,1,0
S1227,22,5.8,1.4,1.9,0,85.2,4.7,2,4,2,1,8,1,96.6,1,0,0
S1228,17,3.5,3.6,2.7,0,92.9,8.4,1,3,1,1,8,1,72.6,0,1,0
S1229,21,2.4,3.7,2,0,94.7,5.8,2,4,1,2,3,1,52.4,0,1,0
S1230,22,4.2,0.3,0.1,0,80,7.9,0,3,1,0,9,1,100,0,1,0
S1231,20,2.5,1.4,0.9,0,83.5,6.3,2,6,2,2,8,0,73.1,1,0,0
S1232,20,6.5,0.7,1.7,0,77.3,6.3,2,4,3,1,3,0,100,1,0,0
S1233,20,3.7,1.7,1.7,0,73.7,7,1,3,3,0,10,1,80.8,1,0,0
S1234,20,3,2.4,4,0,88.1,5.4,0,5,1,2,5,0,62.9,0,1,0
S1235,20,3.8,0.8,0.3,0,72.3,6.7,1,1,1,0,3,0,71.5,1,0,0
S1236,22,1.5,1.4,2.4,0,80.9,6,2,3,1,2,5,0,46.2,0,1,0
S1237,22,2,1.3,3.4,1,75,4.9,1,1,1,1,9,0,53.8,1,0,0
S1238,19,5.3,2.7,4.3,0,90.5,6.9,1,1,2,0,4,1,74.2,0,1,0
S1239,24,2.5,2.6,1.4,0,100,6.2,0,0,3,0,6,0,52.5,0,1,0
S1240,18,1.9,1.6,2.3,0,72,6.3,1,6,3,0,3,0,51.2,0,1,0
S1241,23,4.3,2.7,2.4,1,66.5,5,1,5,2,0,3,0,60.6,0,1,0
S1242,20,5.3,1.8,2,0,83.8,8.4,2,1,2,2,5,0,91.5,1,0,0
S1243,17,4.6,2.2,1.7,0,85.2,7.6,1,2,2,1,8,0,87.3,1,0,0
S1244,23,5,4.5,2.3,0,87.2,7.7,2,6,1,1,8,0,98,0,1,0
S1245,22,2.4,4.1,0,0,80.5,6.1,1,1,2,1,3,1,47.9,1,0,0
S1246,17,1.4,0.9,2.6,1,83,4.4,0,3,2,2,8,0,51,0,1,0
S1247,17,5.8,3.5,1.9,0,88.7,8.8,1,1,2,2,8,1,90,1,0,0
S1248,17,3,3.5,1.6,0,95.4,6.4,1,3,1,2,3,0,54.1,1,0,0
S1249,19,3.1,1.1,4.1,0,65.4,5.6,2,3,1,2,10,1,58.4,1,0,0
S1250,22,5.5,3.5,1.1,1,81.3,7,2,2,1,1,10,0,100,0,1,0
S1251,17,4.3,4.3,1.4,0,87.1,7.9,1,1,3,1,2,0,65.2,1,0,0
S1252,20,4.2,1.2,4,0,75.8,6.5,1,1,1,2,10,0,85.3,1,0,0
S1253,21,6.7,1.4,0.9,0,100,8,1,4,2,2,2,0,93.8,0,1,0
S1254,17,2.5,3.7,1.2,1,78.6,7.8,2,6,2,1,9,0,78.8,0,1,0
S1255,19,4.9,2.8,1.6,0,84.6,5.2,2,4,1,1,7,0,85,1,0,0
S1256,23,3.6,3.2,2.7,0,90.6,5.7,2,0,2,2,6,0,64.5,1,0,0
S1257,22,3.9,2.9,2,0,79.1,7.6,1,3,3,2,7,0,71,1,0,0
S1258,24,5.8,3,0.4,0,66.5,3.2,1,2,1,1,8,0,90.8,1,0,0
S1259,19,4.3,0.9,1.2,0,80.7,6.3,1,4,3,2,1,0,72.6,1,0,0
S1260,17,4.3,3.8,1.1,0,95.3,4.8,1,1,1,1,8,0,70.9,0,1,0
S1261,22,5.1,3.9,1.7,1,81.6,5.9,1,0,0,0,3,1,65.1,0,1,0
S1262,21,3,2.2,2.3,0,76.5,6.1,0,2,3,1,3,0,49.1,0,1,0
S1263,17,2.2,2.4,2.3,1,94.3,6.1,0,5,2,1,6,0,62.7,1,0,0
S1264,19,1.9,0.7,0,0,81.7,5.8,2,1,3,0,4,0,51.5,0,1,0
S1265,18,0.6,3.1,3,0,79.9,5.2,2,1,2,2,4,0,18.4,1,0,0
S1266,20,6.6,3.2,2.1,0,86.5,9.3,1,5,3,1,4,1,100,1,0,0
S1267,24,1.8,2.4,3.3,1,92.7,8.7,1,3,2,2,10,0,53.3,1,0,0
S1268,23,3.2,3.8,2.3,0,100,5.1,1,3,2,0,9,0,76.1,0,1,0
S1269,19,3.1,2.1,3,0,93.3,8.4,2,4,2,1,8,0,85.6,1,0,0
S1270,22,4,3.2,2.3,1,96.6,6,2,4,1,2,3,1,63,0,1,0
S1271,24,4.7,1.3,3.3,1,79.9,6.7,2,1,3,2,1,0,73.6,1,0,0
S1272,24,4.8,2.5,2.4,1,74.7,6.4,2,6,1,2,1,0,76.2,0,1,0
S1273,24,2.6,2.3,1.7,0,85.6,5.7,1,1,2,2,1,1,45.5,0,1,0
S1274,17,3.2,2.8,4.3,0,86.1,7.7,1,4,1,1,4,1,58.6,1,0,0
S1275,20,3.9,2.1,2.8,0,74.2,6.7,1,5,2,1,6,0,77.8,0,1,0
S1276,17,3.1,2.3,2.4,1,83.2,5.9,1,4,1,2,4,1,61.5,0,1,0
S1277,22,5.9,3.5,0.4,0,89,4.9,2,1,0,2,3,0,71.4,1,0,0
S1278,17,4.2,2,0.4,0,88.6,5.4,1,2,3,2,8,1,93.9,1,0,0
S1279,18,4.6,0.6,2.1,0,90,4.5,0,1,1,2,8,0,85.9,1,0,0
S1280,20,4.5,4.6,2,0,87.9,6.5,1,2,2,2,6,0,73.8,1,0,0
S1281,20,5.3,4.2,1.1,1,79.9,5.1,2,2,1,1,9,0,83.3,1,0,0
S1282,22,3.8,0.9,2,1,79.9,6.2,1,1,0,2,10,0,79.7,0,1,0
S1283,23,1.6,3.3,3.5,1,73,8.1,2,6,1,2,1,0,47.1,0,1,0
S1284,18,4.1,1.9,2.6,0,100,7.9,1,6,2,2,8,0,91.9,0,1,0
S1285,19,2.5,2.8,0.5,1,85.1,6.5,0,0,0,0,6,1,60.6,1,0,0
S1286,17,2.7,2.9,1.7,0,82.8,6.4,1,4,3,1,1,0,46.6,1,0,0
S1287,21,4.4,2.2,0.9,0,75.7,8.8,2,6,1,0,4,1,84.2,0,1,0
S1288,17,5.4,1.6,1.4,0,100,7.1,1,3,1,1,5,0,95.5,0,1,0
S1289,24,3.5,1.7,1.3,0,74.3,6.1,2,1,1,2,7,1,73.5,1,0,0
S1290,17,4,1.4,1.3,0,80.7,4.8,1,2,0,0,8,0,75.9,0,1,0
S1291,19,6.1,1.5,0.4,0,89.2,7,0,1,2,1,9,0,100,1,0,0
S1292,17,3.9,2.4,1.7,1,91,7.5,2,4,3,1,6,1,74.2,1,0,0
S1293,18,7.4,1.6,1.2,0,94.6,5.7,1,5,2,2,10,1,100,1,0,0
S1294,18,4.3,3.3,0,0,100,6.8,1,6,1,1,9,0,94.9,0,1,0
S1295,20,0.9,4.3,4.1,0,90.1,6.1,2,6,1,1,4,0,27.6,1,0,0
S1296,22,4.6,1.8,3,0,74.4,6.3,1,6,1,1,8,0,86.2,1,0,0
S1297,23,4.1,2.8,1.4,0,82.4,3.5,2,2,3,1,3,0,60.1,1,0,0
S1298,21,5.4,3.1,1.8,0,88.1,6.2,0,3,1,1,4,1,91.3,1,0,0
S1299,24,4.5,3.1,0.5,0,100,7.7,1,3,2,1,10,0,93.8,1,0,0
S1300,17,3.3,2.6,3.7,0,71,5.7,0,6,1,2,4,1,61.6,1,0,0
S1301,17,1.7,3.4,3.9,1,97,6.6,2,3,1,1,6,0,41.7,0,1,0
S1302,19,3.2,3.1,2,0,86.8,5.6,1,5,1,0,9,0,74.5,1,0,0
S1303,22,2.2,1,2.9,0,93.4,6.9,2,6,0,2,6,0,63.7,1,0,0
S1304,18,2.6,3.5,2,0,84,6.2,2,0,2,1,1,0,39.6,0,1,0
S1305,21,4.4,3.6,0.3,0,76.6,5.4,1,2,1,2,5,1,87.5,1,0,0
S1306,20,6,1.6,1.3,0,92.5,8.1,1,5,2,1,9,0,100,1,0,0
S1307,18,4.1,2.5,1.9,1,91.5,7.6,1,2,0,2,5,0,75.4,1,0,0
S1308,24,1.7,3.3,1.3,0,94.7,5.8,1,6,3,2,6,1,61.5,0,1,0
S1309,22,4.2,2.2,1.6,0,84.9,7.1,1,5,1,2,3,1,73.3,0,1,0
S1310,24,5.3,3.8,1.7,0,79,7.1,2,6,3,1,8,0,96.3,0,0,1
S1311,23,2.6,5.3,1.7,1,69.4,7.3,2,5,2,1,10,0,67,1,0,0
S1312,20,3.3,1.6,1.9,0,93.2,4.5,2,6,3,1,4,0,70.1,0,1,0
S1313,23,3.5,0.8,0.6,0,89.2,7.7,2,0,1,2,4,0,84.2,1,0,0
S1314,19,2.3,2.9,1,0,75.3,5.8,2,2,2,2,5,1,48.9,1,0,0
S1315,24,4.5,3.4,0.4,0,79.6,6.1,1,5,1,0,10,0,98.8,1,0,0
S1316,19,3.3,2.2,2.9,1,80.3,9.7,2,0,1,0,9,0,76.1,1,0,0
S1317,17,4.1,4.2,0,0,70.2,6.9,2,1,1,1,8,1,80.4,0,1,0
S1318,23,2.2,0.9,3.1,0,76.8,6,1,6,1,0,7,0,64.1,0,1,0
S1319,22,2.8,3.3,3.3,0,73.7,3.9,2,4,3,1,5,1,59.4,0,1,0
S1320,24,4.6,1.8,1.5,0,80.9,8.2,1,5,0,0,9,1,94.2,1,0,0
S1321,21,2.9,4.6,0,1,77.6,4.9,2,3,2,2,9,1,67.8,0,1,0
S1322,20,6.1,4.9,1.4,0,68.7,5.3,2,0,2,2,10,0,96.1,0,1,0
S1323,18,2.9,1.6,1.7,0,100,6.1,2,0,2,2,10,0,70.2,0,1,0
S1324,22,3.8,1.8,0.7,0,97.5,8.2,1,5,2,1,2,0,84.2,1,0,0
S1325,22,4.9,3.5,1.2,0,77.2,7.4,2,0,1,2,4,0,75.4,1,0,0
S1326,19,1.4,2,3.5,0,87.7,6.3,1,1,2,2,8,0,41.7,0,1,0
S1327,23,0.9,2.4,2.5,0,89.2,6.9,1,0,1,0,1,0,23.1,0,1,0
S1328,24,1.2,2.5,0.8,1,96.9,5.8,2,4,3,2,5,0,50.3,1,0,0
S1329,24,5.4,0.2,0,0,76.8,6.7,1,4,2,1,8,0,100,0,1,0
S1330,17,2.7,2.5,1.4,0,95.9,6.6,2,6,3,1,2,0,52.2,0,1,0
S1331,17,7.3,1.7,1.6,0,79.5,7.7,1,6,0,1,2,1,100,0,1,0
S1332,20,2.7,1.9,2.3,0,71.6,7.7,1,3,1,0,8,0,71.2,0,1,0
S1333,19,3.8,4.2,1.2,0,92.2,7.1,2,1,1,2,10,0,72.3,0,1,0
S1334,22,5.8,1,2.4,0,97.9,6.1,1,4,0,1,9,0,100,1,0,0
S1335,24,6.5,3.5,3.9,0,100,7.4,0,5,1,1,7,1,100,0,1,0
S1336,21,6.6,2.2,2.7,0,73,6.4,2,2,2,0,8,1,100,1,0,0
S1337,19,5.3,2.2,1.7,0,92,5.2,1,2,1,2,5,0,93.1,0,1,0
S1338,20,5,3.4,1.6,1,80.9,6,2,2,2,1,1,1,67.7,1,0,0
S1339,20,4.4,2.9,1.4,0,92.8,6.6,1,6,3,2,4,1,77.9,1,0,0
S1340,19,4.7,3.2,3.1,1,70.3,7.6,1,5,2,2,2,0,80.3,0,1,0
S1341,20,2.7,3.7,1.1,0,72.4,6.3,1,0,1,1,3,0,44.3,1,0,0
S1342,19,2.3,2.1,1.8,0,77.2,5,1,5,1,1,3,0,54.7,0,1,0
S1343,18,3.5,1.8,1.9,0,85.8,6.6,1,0,1,2,9,0,85,0,0,1
S1344,19,3.2,1.2,1.2,0,78.6,6.6,1,2,1,0,10,1,81.7,0,1,0
S1345,23,2.8,1.5,0.3,0,91.6,6.7,1,3,2,0,4,0,71.6,0,1,0
S1346,19,4.5,6,2.2,1,95.3,7.6,0,3,1,2,2,1,73.7,0,1,0
S1347,20,4.9,4,1.7,0,91,7.7,1,0,3,1,3,0,77,0,0,1
S1348,24,3.6,0.9,2.4,0,100,5.8,0,2,2,1,3,0,72.3,1,0,0
S1349,23,5.7,0.9,1.2,0,89.2,5.8,0,5,2,1,7,0,100,1,0,0
S1350,20,1.8,3.1,3.1,0,72.8,5.3,2,3,1,1,8,0,54,0,1,0
S1351,17,3.2,3.2,0.8,0,98.6,7.3,2,0,1,2,6,0,70.4,1,0,0
S1352,17,2.4,3.2,3.7,0,78.9,8.2,2,5,2,2,4,1,47,0,1,0
S1353,24,0.7,2.2,0,0,94.1,6.1,1,2,1,2,6,0,48.7,1,0,0
S1354,24,3.4,2.3,2.3,0,100,6.2,2,1,1,2,1,0,47.6,0,1,0
S1355,23,3.3,2.9,2.3,1,89.6,8.3,2,2,1,1,10,0,81.1,0,1,0
S1356,18,5.8,2.6,0.9,1,70,7.1,2,6,1,1,8,0,100,0,1,0
S1357,24,4.4,0,2.3,0,75.8,7,1,2,2,1,1,0,81.9,0,1,0
S1358,17,2,2.2,3.2,0,98.2,5.1,2,5,1,1,5,0,56.3,1,0,0
S1359,19,6.3,1.5,0,0,83.3,7.3,2,5,2,2,2,1,100,0,1,0
S1360,20,5.3,2.7,2.4,1,85.8,5.4,2,4,1,2,6,0,81,1,0,0
S1361,17,4.4,6.1,0,0,92.6,5.1,0,4,2,1,9,1,84.9,0,1,0
S1362,17,3.2,2.9,0.7,0,92,6.1,1,5,3,0,5,0,67.9,1,0,0
S1363,18,2.1,2.1,3.6,0,87.8,5.8,1,5,3,0,4,0,56.9,0,1,0
S1364,23,2.9,3.6,1.2,0,82.9,6.2,1,1,1,1,2,0,45.9,0,1,0
S1365,23,5.1,3.1,0.5,1,81.9,4.8,2,1,0,0,3,0,76,1,0,0
S1366,22,6.3,3,1.6,0,93.6,7.7,0,2,1,1,6,1,94.8,0,1,0
S1367,18,5.8,3.2,4.1,0,90.5,7.9,0,6,2,2,8,0,99.3,0,1,0
S1368,19,2.8,5,0,1,82.4,4.2,1,3,2,2,8,0,71,1,0,0
S1369,23,1.8,1.1,0.6,1,95.8,7.7,0,6,2,1,5,0,70.9,1,0,0
S1370,20,3.7,3.1,3.4,1,83.7,5.5,1,1,1,1,5,1,59.8,0,1,0
S1371,24,0.8,1.4,3.8,1,76.5,7.5,2,2,2,1,10,0,36,0,1,0
S1372,18,4,3.2,1.7,0,77.4,6.4,1,6,1,2,3,0,68.4,1,0,0
S1373,24,3.3,1.4,0.4,0,75.2,6.5,0,0,2,2,7,1,72.9,0,1,0
S1374,17,2.8,2,4.1,1,82.3,6.3,1,4,1,2,6,0,57.3,0,1,0
S1375,20,1.1,2.1,3.6,1,97.3,8,1,6,2,1,1,1,50.3,0,1,0
S1376,20,4.3,3.7,2.5,0,76.9,5,0,3,0,2,4,0,65.7,1,0,0
S1377,17,2.7,3.6,0.9,0,86.9,7.2,2,2,1,0,6,1,67.9,1,0,0
S1378,18,1.7,1,1.7,0,78.4,7.8,2,6,2,2,6,0,63.6,0,1,0
S1379,17,0,2.6,1.6,0,82.4,7.4,2,5,1,1,3,0,32.9,0,1,0
S1380,24,3.5,1.6,2.2,0,69.9,9.3,2,0,2,1,6,0,67.7,0,1,0
S1381,22,6.2,1,3.4,0,82.8,5.9,0,4,2,2,10,0,100,1,0,0
S1382,20,6,2.2,2.8,1,83.1,7.6,2,0,2,1,6,0,96.8,0,1,0
S1383,21,2.8,2.1,0.6,0,90.4,6.4,2,2,1,0,9,1,71,0,1,0
S1384,21,2.6,5.4,3.3,0,87.2,8,2,1,1,0,9,0,59.8,1,0,0
S1385,24,4.2,3,2.1,0,73,6.5,0,4,2,0,2,0,64.2,0,1,0
S1386,19,2,0.8,2.6,0,95.8,6,2,0,1,0,4,0,45.2,1,0,0
S1387,23,4,1.8,3.4,0,87.1,8.1,2,1,2,0,9,1,82.9,0,1,0
S1388,17,4.6,3.7,0.6,0,87,5.9,2,3,1,1,4,1,73.2,0,1,0
S1389,17,5.3,5,1.8,0,84.9,4.8,0,2,1,1,8,0,79.6,0,1,0
S1390,19,3.3,0.6,1.2,1,79.8,5.9,2,2,1,2,10,0,73,1,0,0
S1391,19,3.2,0.2,0.1,1,87.2,7.2,2,4,0,1,3,0,72.6,1,0,0
S1392,24,2.2,4.7,2.2,0,89.8,8.2,2,0,1,0,3,0,45.2,1,0,0
S1393,24,2.3,3,4.6,0,67.5,6.6,1,3,2,1,9,0,51.8,0,1,0
S1394,19,3.2,1.5,0,0,79.6,8.1,2,5,2,2,10,0,92,1,0,0
S1395,20,4.1,3.1,1.8,0,82.5,4.9,1,4,1,2,8,0,77.8,0,1,0
S1396,24,4.9,0,2.5,1,87.6,6,1,5,3,1,1,0,97.2,0,1,0
S1397,22,2.3,2.5,1.9,1,96.9,6.2,1,4,2,2,10,1,71.9,1,0,0
S1398,24,5.7,2.9,1.7,0,77.3,6.4,2,0,3,2,2,1,69.1,0,1,0
S1399,17,3.1,3.6,0.4,0,80,6.6,0,3,2,2,3,1,59.6,0,1,0
S1400,24,3.5,1.3,2.1,0,79.9,7.3,1,0,2,2,2,0,60.4,0,1,0
S1401,20,2.4,2.6,1,0,77,6,2,2,0,2,3,1,48.3,0,1,0
S1402,19,0,1.4,0,0,81.5,6.7,2,5,1,2,8,1,50.1,0,1,0
S1403,17,4.8,2.8,3.1,0,92.7,6.4,1,1,0,2,6,0,74.9,1,0,0
S1404,24,4.6,1.4,2.9,1,74.5,5.4,2,6,2,1,7,1,85.6,0,1,0
S1405,20,3.1,2,1.9,0,89.3,6.4,2,2,1,2,10,1,65.4,1,0,0
S1406,22,3.6,1.3,2.1,0,68,6.3,0,2,2,2,10,1,82.4,1,0,0
S1407,24,4.3,3.3,3,0,79.4,6.3,1,5,1,0,6,1,67.3,0,1,0
S1408,20,1.2,3.5,2,0,81.7,6.5,0,4,2,2,1,0,34.3,0,1,0
S1409,22,2.7,2.2,2.8,0,100,6.6,1,2,1,1,3,0,53,0,1,0
S1410,19,4.7,2.5,1.5,0,82.3,6,1,6,1,1,1,0,78,1,0,0
S1411,24,1.6,0.8,3.2,1,63,8,2,3,1,2,10,0,58.2,0,1,0
S1412,22,3.9,2.1,2.2,0,65,5.1,2,2,1,1,9,0,73.7,1,0,0
S1413,17,1.5,2.4,2,1,85.3,5.6,0,3,1,1,9,0,60.3,0,1,0
S1414,19,4.2,5.6,0.4,0,91.1,9.8,0,0,2,0,5,1,78.7,1,0,0
S1415,17,3.4,1.2,2.1,1,88.8,5.3,1,4,0,1,4,1,68.3,0,1,0
S1416,21,1.1,4.3,0.9,0,86.7,4.9,1,3,1,1,9,0,49.9,0,1,0
S1417,18,5.2,3.7,1.1,0,96.6,7.4,1,2,2,1,9,1,100,1,0,0
S1418,24,2.4,2.8,0.9,0,79.6,4,2,4,0,1,3,1,54.7,1,0,0
S1419,22,2.3,4.6,0.6,0,93.9,6.2,2,6,3,2,5,0,58.7,0,1,0
S1420,18,3.8,2.9,4.1,1,68.7,9.1,1,4,3,2,3,0,70.8,1,0,0
S1421,18,5.2,3,3.3,0,76,4.6,2,3,0,0,10,1,87.1,1,0,0
S1422,22,2,2.4,3.9,0,66.9,4.1,1,3,1,2,2,1,29.5,1,0,0
S1423,19,3.6,4,0.5,0,82.3,4.7,2,1,1,0,1,0,53.2,1,0,0
S1424,24,4.1,3.8,1.9,1,84.5,7.6,1,1,2,0,10,0,73,0,1,0
S1425,21,4.5,1.7,0.4,0,86.1,7.8,0,4,2,0,2,1,71.1,0,1,0
S1426,17,3.8,0.9,1,0,85.6,5.9,2,5,2,2,8,0,80.9,0,1,0
S1427,20,2.9,2.3,0.8,1,75.7,7.3,1,5,2,2,8,0,75.1,1,0,0
S1428,17,2.3,1.5,3.2,0,83.1,8.2,2,1,1,1,3,0,52.4,1,0,0
S1429,20,3.6,2.4,1.4,0,70,8.6,1,2,2,1,7,0,67.6,0,1,0
S1430,17,1.9,4,3,0,98.6,6.2,0,0,2,1,7,1,35.7,0,1,0
S1431,22,0,2,2.5,0,82,3.7,0,4,2,1,2,0,29.9,1,0,0
S1432,21,4.2,2.4,4.3,0,80.1,5.5,1,0,3,2,9,0,70.7,0,0,1
S1433,24,4.9,2.6,0.2,0,100,6,2,1,2,1,3,1,89.3,1,0,0
S1434,20,0,3.5,3.2,0,72.6,6.2,1,3,1,2,2,0,26.2,0,1,0
S1435,24,2,0,3.1,0,73.7,6.3,2,6,1,1,3,1,58.3,0,1,0
S1436,24,4.4,1.8,0.7,0,74,7.8,2,4,1,2,2,1,78.4,0,1,0
S1437,24,6.6,2.8,2.9,0,84.3,8,2,1,0,2,8,0,100,1,0,0
S1438,23,3.5,3.9,2.2,0,89.3,6.3,1,2,3,1,5,1,66.8,0,1,0
S1439,19,2.4,1.9,1.5,0,92.4,7.8,2,6,1,2,3,0,63.8,1,0,0
S1440,17,3.2,0.2,0.9,0,100,6.9,1,4,2,2,5,0,76.1,0,1,0
S1441,24,5.6,3.2,1,0,62.5,6.6,1,4,2,1,8,0,82.7,1,0,0
S1442,17,2.5,1.7,4.1,0,91.1,7.6,0,5,0,1,7,0,65,1,0,0
S1443,24,2.3,1.1,1.8,1,79.4,6.6,1,3,3,2,6,0,66.8,1,0,0
S1444,20,2.8,1.8,2.7,0,79.1,9,0,4,3,1,1,1,64.9,0,1,0
S1445,19,2.1,2.3,0.9,0,78.8,4.8,2,3,2,0,10,0,63.1,0,1,0
S1446,19,3.7,1.8,0.9,1,75.9,5.9,1,1,1,1,1,0,56.3,0,1,0
S1447,22,5.9,0,3,0,100,6.3,1,2,1,2,1,1,93.6,1,0,0
S1448,23,4,3.6,0.3,0,93.4,7,2,6,1,2,10,1,91.9,1,0,0
S1449,22,3.1,4,1.3,0,85.2,8,1,6,1,2,8,1,74,1,0,0
S1450,22,3.1,3.3,1.8,0,98.5,6.5,1,2,2,1,8,0,62.7,1,0,0
S1451,22,1.2,1.1,1.9,0,69.9,4.8,0,4,3,0,7,0,58.6,1,0,0
S1452,22,4.8,2.3,1.6,1,71.7,7.5,2,4,2,2,6,0,89.3,0,1,0
S1453,22,3.4,2.5,2.2,0,63.2,7.4,0,1,3,2,4,0,63.4,1,0,0
S1454,21,3.2,3.2,2.6,1,78,4.2,1,5,2,0,1,0,46.7,0,1,0
S1455,19,8.3,3.3,2.6,1,86.6,6.5,1,5,1,1,9,0,100,0,1,0
S1456,22,3.9,1.6,0.7,1,86,4.6,2,5,3,0,1,0,68.7,1,0,0
S1457,24,2.4,2.6,1.5,0,86.5,5.7,2,3,1,2,4,0,58.9,0,1,0
S1458,19,2.9,3,3.1,0,70.9,5.4,2,5,3,2,3,0,59,0,1,0
S1459,19,5.2,4.2,2.8,1,93,7.5,0,2,1,2,7,0,77.9,1,0,0
S1460,18,3.7,3.3,0.3,1,87.4,6.6,1,6,1,2,5,0,72.3,0,1,0
S1461,21,1.3,3.4,2.2,0,92.3,5,1,6,3,0,5,0,49.7,1,0,0
S1462,22,4.9,2.6,0,1,66.1,7.6,0,3,2,2,4,0,80.9,0,1,0
S1463,17,2.5,4.2,1.9,1,88.1,4.8,1,1,3,2,1,0,44.5,0,1,0
S1464,20,6.3,3,3.9,1,73.1,6.9,1,2,3,1,5,0,85.3,0,1,0
S1465,23,5.1,1.5,0.8,0,81,5.5,1,6,0,2,4,0,83.2,0,1,0
S1466,24,2.8,4.2,0.9,0,90.3,6.1,2,2,2,1,10,0,59.7,1,0,0
S1467,17,5.4,3.3,2.6,0,85.9,7.1,1,6,1,2,8,0,98.1,0,1,0
S1468,21,3.6,2,0.1,0,76.5,7.1,2,0,2,2,2,1,66.8,1,0,0
S1469,20,4.8,1.9,1.1,0,85.1,8.1,1,1,2,2,8,1,96.1,0,1,0
S1470,21,4.2,2.9,2.5,0,69.7,6.4,1,1,1,2,1,0,60.4,1,0,0
S1471,24,2.2,3.1,1.1,0,96.5,6.9,1,0,2,0,4,0,33.8,1,0,0
S1472,19,2.5,2.7,1.5,0,82.9,6,0,3,2,1,3,0,56.1,1,0,0
S1473,20,5,2.9,2.6,0,96.2,6.7,0,6,1,1,5,0,80.6,0,1,0
S1474,19,3,4.5,2.3,1,79.7,7,1,6,2,2,5,0,52.6,0,1,0
S1475,24,2.9,3.8,2.1,0,79.8,6.4,2,6,2,2,5,1,52.1,0,1,0
S1476,17,2.1,2.7,1.4,0,77.4,4.3,2,5,3,2,4,1,39.9,1,0,0
S1477,24,4.1,3.6,2.2,0,93.8,6.9,0,5,1,0,8,0,84,0,1,0
S1478,17,6.6,1.3,1.7,0,77.9,6.9,2,5,1,2,3,1,97.7,1,0,0
S1479,20,1.9,3,2.3,0,91.4,5.7,2,5,2,2,4,0,43.3,1,0,0
S1480,20,3.5,4.7,1.3,1,81.2,5,2,5,0,2,1,0,55.9,0,1,0
S1481,22,5.6,2.2,1.6,0,65.2,8.3,2,0,3,0,7,0,84.6,1,0,0
S1482,21,3.4,1.5,0.7,0,79.3,7.1,1,1,0,0,1,0,67,0,1,0
S1483,22,4.2,1.7,1.8,0,73.2,6.2,1,3,2,0,2,0,76,0,1,0
S1484,21,1.9,1.2,0.9,0,85.3,5.1,1,2,2,2,7,1,56.9,1,0,0
S1485,22,4.1,1.6,0.6,0,73.1,5.5,1,5,1,2,1,0,77.5,1,0,0
S1486,19,3.2,2.1,2.1,0,94.3,8.1,1,0,0,2,3,0,69.4,1,0,0
S1487,20,5,0.8,2,0,84.1,6.7,1,6,2,1,6,1,94.6,0,1,0
S1488,17,5.3,2.5,2.7,1,83.2,5.8,2,3,2,1,6,1,93.4,0,1,0
S1489,21,7.4,3.6,1.3,0,91.6,7.1,2,3,1,2,6,1,100,1,0,0
S1490,24,4.4,1.4,2.2,0,94.6,5.5,2,3,3,2,2,1,63.6,1,0,0
S1491,21,4,4.3,2.4,0,84.8,8.3,2,0,1,2,2,0,53,1,0,0
S1492,17,3.8,3.1,2.3,0,77.3,8.1,2,2,1,2,6,0,67.8,0,1,0
S1493,22,3,3.7,0.9,0,67.3,5.9,0,5,2,1,10,0,73.9,1,0,0
S1494,21,4,1.7,2,0,78.1,5.7,1,3,1,2,5,0,66.5,0,1,0
S1495,23,3.1,3.5,2.2,0,78.8,3.4,1,0,3,2,7,0,49.9,0,1,0
S1496,19,3.8,1.2,1.8,0,86.1,4.7,2,6,1,1,7,0,73.9,1,0,0
S1497,20,5.5,3.6,0,0,81.5,4.9,1,1,0,1,5,0,80.3,0,1,0
S1498,17,2,2.7,2,0,91.9,6.7,2,6,1,1,8,0,71.7,1,0,0
S1499,20,5.2,3.2,4.2,1,78.9,6.1,0,0,2,0,10,0,83.3,0,1,0
S1500,23,5.5,1.1,1.4,0,84.4,4.9,1,0,2,2,6,0,84.5,0,1,0
S1501,21,3.3,1.4,1,0,96.8,6.2,2,0,2,0,5,0,74.9,1,0,0
S1502,21,0.3,3.2,2.2,0,88.4,7.1,0,3,0,1,4,1,34,1,0,0
S1503,24,2.6,1.4,2.1,1,84.4,7.1,1,0,1,1,7,0,63,1,0,0
S1504,23,5.4,3.1,3.1,0,79,4.2,1,1,2,2,4,0,77.9,1,0,0
S1505,17,3.5,0.9,0.4,0,78.7,6.3,1,3,0,1,5,1,72.9,1,0,0
S1506,24,2,3.5,2.6,0,76.5,4.8,2,6,3,2,5,0,53.2,1,0,0
S1507,19,2.7,1,2.4,0,79.6,7.6,1,1,0,0,1,0,57.3,1,0,0
S1508,24,4.8,3.2,1.6,0,92.6,7.4,1,4,2,0,1,1,76.6,0,1,0
S1509,18,4.3,3.3,2.2,0,82.8,5.4,0,6,1,1,3,0,64.6,1,0,0
S1510,17,3.1,1.7,2.9,1,71.5,5.6,2,0,2,1,3,1,51.1,0,1,0
S1511,18,2.9,3.2,2.8,0,100,5.9,1,5,1,1,2,0,63,0,0,1
S1512,23,2.9,2.8,0.5,0,88.2,3.8,2,5,0,0,2,1,61.6,1,0,0
S1513,22,2.1,1.9,2.7,1,70.9,6.9,2,3,1,2,6,0,62.5,0,1,0
S1514,18,5.9,1.3,1.7,0,80.6,6.2,1,5,1,2,1,1,87.1,1,0,0
S1515,19,3,0.1,1.9,0,86.1,7.7,2,6,1,0,6,1,82.5,1,0,0
S1516,24,5.3,2.9,1.9,0,100,5.2,2,3,2,0,5,1,80.9,0,1,0
S1517,22,5.8,0.6,1.6,0,73.9,5.8,1,6,2,2,6,0,100,1,0,0
S1518,24,5,2.6,3.1,0,94.8,4.7,0,0,2,2,5,0,79.6,1,0,0
S1519,18,2.9,2.2,1.7,1,99,5.3,2,2,2,1,7,0,71.2,0,1,0
S1520,24,4.1,3.3,0.6,1,78.7,5.1,2,2,2,2,1,0,62.7,1,0,0
S1521,23,3.5,2.1,1.4,0,82.2,7.7,1,1,1,2,3,0,64.2,0,1,0
S1522,22,2.1,2.1,2,0,74.6,5.7,1,0,1,2,6,1,44.1,1,0,0
S1523,23,4,3.4,3.2,0,83,6.6,2,5,1,1,1,0,61.7,0,0,1
S1524,18,1.7,2.9,2.5,0,84.6,6,2,0,2,1,7,1,39.9,1,0,0
S1525,23,5.3,2.9,0.9,0,91.6,5,2,4,1,0,4,0,84.1,0,1,0
S1526,19,2.8,3.1,4.5,0,95.9,6.3,1,2,0,2,3,0,40.7,1,0,0
S1527,18,3.8,0.7,2.1,0,77.5,7.2,2,5,2,2,10,0,81.8,1,0,0
S1528,18,3.9,3.4,3.2,0,65.3,5.1,1,6,1,1,9,1,77,0,1,0
S1529,18,3.1,3.2,1.6,0,84.8,7.5,1,6,3,2,1,0,65.7,1,0,0
S1530,17,4.4,1.3,2.4,0,87.9,5.5,2,2,3,2,8,1,80.9,0,1,0
S1531,24,2.8,2.2,2.7,0,87.5,5.9,2,0,0,2,1,1,47.4,1,0,0
S1532,17,4.8,2.5,3.1,1,81.7,7.1,1,5,1,2,5,1,83,0,1,0
S1533,17,1.5,2.3,3,0,86.2,5.7,1,1,1,2,10,0,54.2,0,1,0
S1534,19,3.7,2.9,2.8,0,100,6.5,2,6,2,1,8,0,82.5,0,1,0
S1535,22,6.4,4.2,1.5,1,88.8,6.1,1,0,1,2,6,0,85,1,0,0
S1536,24,2,3.8,1.2,0,81.3,6.7,2,1,2,2,7,1,40.4,0,1,0
S1537,23,2.5,0.9,2.2,1,80,3.6,2,5,2,1,8,0,58.9,1,0,0
S1538,21,4.3,3.2,2.8,0,83.3,4.3,0,2,1,0,6,0,67.5,0,1,0
S1539,18,3.8,4.1,1.6,0,100,7.2,2,4,0,2,6,1,81,0,1,0
S1540,23,4,3,3,0,83.2,7.7,2,3,2,1,6,1,74.7,1,0,0
S1541,18,4.2,3.8,3.4,1,84.8,5.4,2,2,1,2,5,0,67.4,1,0,0
S1542,19,4.5,4.9,0.8,0,80.2,6.2,2,1,2,0,8,0,72.2,0,1,0
S1543,18,5.2,3.7,0.9,0,96,6.9,2,0,1,0,2,0,77.1,1,0,0
S1544,17,4.1,2.8,1.6,0,100,7.3,0,6,2,1,7,0,87.9,1,0,0
S1545,24,3.1,3.8,2.1,0,89.5,4.1,1,5,3,1,4,1,54.1,1,0,0
S1546,21,4.5,2.7,1.2,1,85.8,5.4,2,2,3,2,1,1,62.9,0,1,0
S1547,20,6.3,2.5,3.3,0,85.4,6.1,1,6,1,2,5,0,95.6,0,1,0
S1548,18,3.3,2.1,2.3,0,61.2,7.3,0,6,1,0,3,0,67.1,1,0,0
S1549,23,2,4.4,1.8,0,92.5,9.5,2,4,2,1,4,0,51.5,0,1,0
S1550,17,5.2,1.5,0.2,1,86.3,6.2,2,5,1,1,7,0,97.9,1,0,0
S1551,20,3.3,4.3,0.4,1,89.3,4.8,0,1,1,1,5,0,67,1,0,0
S1552,21,0.2,3.1,2.1,1,77.9,7,2,5,3,2,4,1,31.5,1,0,0
S1553,20,4.8,0.8,0,0,81.2,8.1,2,5,1,1,1,0,88,1,0,0
S1554,17,2.7,2.9,2.9,0,80.9,6.6,1,0,0,0,6,0,53.4,0,0,1
S1555,24,3.4,0,1.6,0,95.2,5.4,2,3,0,1,10,1,83.4,0,1,0
S1556,24,4,3.3,5.4,0,81.2,7.6,1,6,2,0,6,0,79,1,0,0
S1557,22,3.8,3.6,4.3,0,100,7.3,0,1,2,0,7,1,69.9,0,1,0
S1558,24,4.6,1.8,1.6,0,89.3,5.3,1,0,1,1,1,1,60.1,0,1,0
S1559,22,2.8,2.6,1.7,0,72.2,7,1,6,1,2,4,0,70.3,1,0,0
S1560,20,4.3,4.8,2.9,1,83.7,7.7,1,3,1,2,9,0,79.8,1,0,0
S1561,19,3.1,1.9,3.7,0,78.5,7.9,2,0,2,2,10,1,66.6,0,0,1
S1562,23,4.6,1.2,0,0,63.1,6.4,2,3,0,1,6,0,91.7,1,0,0
S1563,23,4.4,4.3,0,1,100,6.1,1,3,3,1,2,0,70.1,0,1,0
S1564,20,2.1,4.9,1.1,0,92,8,2,3,1,1,4,0,61.5,0,1,0
S1565,18,5.1,2.5,2.4,0,90.3,5,0,0,3,2,6,0,79.3,1,0,0
S1566,18,2.7,3.7,2.3,0,86.7,7,0,5,1,2,4,1,63.9,0,1,0
S1567,24,4.7,4.1,3,0,71.2,4.9,2,3,2,0,10,1,93.1,0,1,0
S1568,23,4.1,1.6,0.5,0,80.2,7.8,0,5,1,0,7,1,89.8,0,1,0
S1569,23,6.3,1.9,0,0,93.4,6.2,1,6,0,2,3,1,100,0,1,0
S1570,22,3.2,4,2.7,0,74.5,8,2,6,3,2,6,1,61.8,0,1,0
S1571,19,3,4.5,0.9,0,59.7,7.1,1,1,3,2,4,1,51.5,0,1,0
S1572,17,3.5,3.2,0,0,82.7,5,2,4,1,2,3,0,60.4,0,1,0
S1573,18,3,1.4,2,0,83.6,8.2,1,5,2,2,3,0,67.2,0,1,0
S1574,23,4.7,4.9,2.7,0,86.4,8.4,0,6,2,1,2,0,89.6,0,0,1
S1575,22,1.1,1.9,1.7,0,92.3,7.6,1,4,3,2,3,1,48.3,0,1,0
S1576,21,1.9,2.1,1.3,0,91.4,5.6,1,3,1,2,10,0,61.7,0,1,0
S1577,22,1.9,2.9,1.6,1,87.6,6.1,1,4,2,2,1,1,44.4,1,0,0
S1578,18,4.9,4.4,1.4,1,97,6.7,1,4,1,1,3,0,77.2,0,1,0
S1579,18,6.1,3.5,0.3,1,69.8,5.7,2,3,1,1,9,1,100,1,0,0
S1580,22,3.3,3,1,0,90,8.5,2,5,3,1,4,0,73,1,0,0
S1581,17,3.2,3.1,2.4,0,91.3,6.7,1,3,1,1,3,0,68.5,0,1,0
S1582,20,3.6,2.6,2.2,0,72.6,3.3,1,1,1,2,8,0,61,0,1,0
S1583,18,5.2,3.2,2,0,70,6.9,1,2,2,0,1,1,70.5,1,0,0
S1584,22,2.1,0,0.7,0,77.5,6.1,2,0,2,1,5,0,52.5,1,0,0
S1585,23,3.9,2.1,1.6,0,78.4,6.4,2,3,1,2,1,0,62.8,0,1,0
S1586,22,5,2.8,0,1,92.5,6.1,1,3,1,0,7,1,83.5,1,0,0
S1587,19,4.3,1.1,2,0,78.9,7.5,2,4,3,1,5,0,71.4,0,1,0
S1588,20,3.8,3,3.4,0,76.4,7.8,1,1,1,1,2,0,61.5,0,0,1
S1589,21,5,2.3,0.2,0,78.9,6.8,0,6,2,2,1,0,75.4,0,1,0
S1590,17,0,4.6,1.2,0,96.2,6.1,0,6,2,1,7,0,42,1,0,0
S1591,24,4.5,4.4,2.2,0,85.1,6.5,1,4,1,2,1,0,64,1,0,0
S1592,21,2.5,1.9,3.2,1,83.2,6.5,1,5,3,1,3,0,60.1,1,0,0
S1593,20,0.8,2.3,1.3,1,83.9,5.5,0,3,2,2,6,0,34.7,1,0,0
S1594,20,4.3,2.4,1,1,97.9,7.2,2,3,1,1,6,0,88,0,1,0
S1595,20,5.6,2,0,0,77.5,7.1,1,4,2,1,7,0,100,0,1,0
S1596,21,3.3,2.7,1.9,0,98.2,8.3,1,3,2,0,1,0,66.1,0,1,0
S1597,23,4.9,1.6,4,0,87.1,8,1,5,2,0,7,0,95.5,0,1,0
S1598,20,5.9,1.1,2.1,1,83.4,5.7,0,2,3,1,2,1,86.4,1,0,0
S1599,22,5.5,3.2,1.8,0,100,7.5,1,0,1,0,6,0,77.3,0,1,0
S1600,21,6,3.3,2.2,0,74.4,5.4,1,0,1,1,8,1,90.2,0,1,0
S1601,24,4.6,1.5,1.8,0,81.5,7.3,1,0,1,2,5,1,80.2,0,0,1
S1602,20,3.6,3.6,0.9,0,72.7,5.9,0,2,0,1,10,1,72.9,1,0,0
S1603,22,1.1,1.7,2.7,0,94.5,5.3,1,3,0,1,3,0,35.8,1,0,0
S1604,23,3.1,2.8,2,0,100,6.8,0,4,3,2,8,1,72.8,0,0,1
S1605,19,2.2,3.5,1.8,0,100,3.3,2,6,2,2,8,0,67.6,0,1,0
S1606,23,6.8,2.5,0.7,0,97.2,4.4,2,1,2,0,4,0,93.1,0,1,0
S1607,24,3.2,3,3.2,0,83,6.3,0,3,2,1,8,1,57.5,1,0,0
S1608,20,3.7,1.9,2.5,0,81.3,6.6,1,2,2,2,5,1,61.1,1,0,0
S1609,24,4.3,2.3,1.2,0,68.3,6.1,0,5,1,0,5,0,77.4,0,1,0
S1610,21,3.6,2.3,2.9,0,100,4.6,1,2,3,2,3,0,69.6,1,0,0
S1611,18,6,1.6,1.3,0,89.7,5.5,1,6,1,0,7,0,100,0,1,0
S1612,20,2.6,2.3,0.9,0,80.1,7,1,0,3,2,9,0,69.3,0,1,0
S1613,18,3.8,0.6,1,0,98.3,7.2,1,3,2,1,9,0,85.7,1,0,0
S1614,22,2.4,1.9,0,0,75.3,6.5,2,6,1,2,1,0,53.9,1,0,0
S1615,19,1.5,2.2,2.3,0,89.1,7.9,1,0,2,1,1,0,43.7,1,0,0
S1616,17,2.6,2.2,0,0,83.3,7,1,1,2,2,10,0,79.3,0,1,0
S1617,24,3.4,2.2,0.4,0,91.4,5.6,1,5,1,0,5,0,71.3,1,0,0
S1618,23,2.9,2.4,0,0,84.4,6.2,2,0,2,1,1,1,61.4,0,1,0
S1619,19,2.5,3.1,1.7,0,70.5,4.8,2,1,1,2,4,0,45.1,0,1,0
S1620,20,1.4,3.5,1.6,0,85.8,6.4,1,2,0,1,1,0,39.8,1,0,0
S1621,18,3.4,1.7,1.4,0,95.5,7.8,2,0,3,2,2,0,70.7,1,0,0
S1622,23,1.2,1.1,0.7,0,84.7,7.3,1,0,2,1,2,1,35.6,1,0,0
S1623,18,4.6,1.2,0.5,0,92.8,8.2,2,4,3,2,4,0,93,1,0,0
S1624,21,3.6,1.9,2.3,0,74.5,6.1,2,5,2,1,8,1,83.2,1,0,0
S1625,18,1.3,2.1,1.2,0,84.7,8.1,0,5,1,2,2,1,46.6,1,0,0
S1626,21,3,1.6,2.1,0,78.8,6.3,2,6,2,2,9,1,70.8,0,1,0
S1627,22,2.4,0.9,0.8,0,92.5,8.3,1,2,2,1,9,0,78.3,0,1,0
S1628,23,4,2,2,0,85.3,6.5,1,4,3,2,2,1,70.7,0,1,0
S1629,23,5.5,2.7,3.2,1,91.9,7.3,1,6,1,2,1,0,82.6,0,1,0
S1630,17,0.7,3.2,2.4,0,95.9,8.3,2,1,3,1,10,1,50.3,1,0,0
S1631,20,3.7,1.8,1.3,0,91.9,6.3,1,6,3,2,10,0,80.9,1,0,0
S1632,21,3.3,2,2.1,0,87.7,6.8,0,1,2,0,9,1,75.4,0,1,0
S1633,17,4.5,1.4,1.5,0,75,8,2,2,3,2,2,1,83.7,0,1,0
S1634,18,3.8,2.5,1.8,0,85,6.3,0,5,1,1,8,0,76.8,1,0,0
S1635,18,2.4,1.5,1.4,0,79.7,4.9,0,1,3,0,3,0,45.8,0,1,0
S1636,17,3,3.2,1.6,0,81.6,9.1,1,2,2,1,1,1,58.4,1,0,0
S1637,23,2.3,0.4,2,0,81.3,5.9,1,6,0,2,1,1,70.3,1,0,0
S1638,18,5.1,2.1,0.7,1,75.2,6.7,1,1,3,2,10,1,99.4,1,0,0
S1639,24,3.5,2.9,0.7,0,65.4,7.9,0,3,1,2,2,0,62.9,1,0,0
S1640,22,6.4,2.7,0.3,1,78.3,5.8,2,0,1,1,7,0,98,1,0,0
S1641,22,3.4,5.7,0,0,86.9,5.3,2,6,2,0,6,0,74.7,0,1,0
S1642,24,2.4,2.9,0.5,0,71.5,6.8,1,5,1,2,2,1,50.4,1,0,0
S1643,17,1.2,1.3,2,0,85.2,4.3,1,6,1,2,4,0,49.4,1,0,0
S1644,24,0.8,2.4,0.8,0,100,6.2,1,3,2,1,2,1,35.3,0,1,0
S1645,21,1.1,0.4,2.4,1,95.2,6.8,2,2,0,1,1,1,46.3,1,0,0
S1646,21,3.9,2.4,1.8,0,100,6.2,0,2,1,1,3,0,68.4,1,0,0
S1647,17,4.3,1.5,0,0,88.9,4.6,0,6,0,1,4,0,84.2,1,0,0
S1648,24,1.1,3.6,2.5,0,96.7,8.4,2,3,1,2,10,1,54.6,1,0,0
S1649,21,4.8,1.8,2.7,0,77.8,6.6,1,6,2,1,5,0,88,1,0,0
S1650,23,2.8,2.4,0.7,0,78.6,8.2,1,0,2,2,5,0,61.5,1,0,0
S1651,24,3.7,1.7,2.3,1,57.6,6.2,2,0,3,1,7,0,75.7,1,0,0
S1652,23,5.9,4.6,0.9,0,96.9,5.4,2,4,2,1,10,0,100,1,0,0
S1653,21,4.8,2.1,1.9,0,100,6.8,1,1,1,2,8,0,82.6,1,0,0
S1654,22,3.1,4.7,0.4,0,79.5,6.2,2,4,3,2,9,0,71.5,1,0,0
S1655,21,2.2,3.5,0,0,82.5,5.1,0,0,2,1,7,0,57.6,1,0,0
S1656,23,0.3,3.1,1.4,1,77.5,8.3,2,3,2,2,5,0,36.1,0,1,0
S1657,19,2.4,2.9,1.7,0,88.8,5.8,1,1,2,1,9,1,67.4,1,0,0
S1658,20,3.2,3,1.4,1,96.2,4.3,2,3,3,2,8,0,74.8,1,0,0
S1659,18,2,0.2,0.5,0,67.6,8.1,2,4,2,1,10,1,73.6,0,1,0
S1660,24,3.3,2.2,1.4,0,89.1,5.9,2,2,1,2,9,1,79.5,1,0,0
S1661,19,3.6,3.5,2.1,0,82.2,5.8,2,3,2,0,10,0,62.5,0,1,0
S1662,21,3.2,2.4,1.8,0,86.1,4.4,1,4,0,1,8,1,76.3,0,1,0
S1663,22,2.5,0.8,2,0,89.6,8.6,1,4,1,2,6,0,75.6,1,0,0
S1664,17,3.8,2.4,1.1,0,83.1,5,1,4,1,2,4,0,64.4,0,1,0
S1665,21,4.2,4.5,3.1,0,84,6.6,2,2,1,1,9,0,75.3,1,0,0
S1666,22,1.9,4,0.5,1,82.9,7.6,2,2,0,1,9,1,50.4,1,0,0
S1667,20,5.6,2.4,2.3,0,94.7,7,1,6,1,1,10,1,100,1,0,0
S1668,21,3.4,3.6,3.1,0,89.2,6.4,2,2,2,2,10,0,76.4,0,1,0
S1669,23,3.5,2.1,2.3,0,87.2,4.5,2,1,2,2,9,0,69.9,0,1,0
S1670,17,4.6,0.5,1.6,0,72.3,5.5,2,2,3,2,10,1,88.9,1,0,0
S1671,22,3.8,1.4,1.2,0,81.2,6.7,2,2,1,1,3,1,70.4,0,0,1
S1672,22,4.9,4.4,2.9,0,94,5.6,1,2,2,2,3,0,69.4,1,0,0
S1673,22,3.9,2.2,0.2,0,85.4,6.7,0,3,3,1,6,1,84.9,0,1,0
S1674,20,2.6,2.2,0.7,0,91.6,7.3,0,2,1,0,6,0,63.6,1,0,0
S1675,21,4,2.1,1.4,0,100,7.7,1,1,2,2,6,0,82.2,1,0,0
S1676,20,1.8,4.8,3.2,0,95.4,5,2,4,2,2,5,0,37.4,1,0,0
S1677,24,3.7,4.5,2.2,0,85.9,9.1,2,3,0,2,5,0,73.8,0,1,0
S1678,18,3.5,5.2,0.7,1,79.9,7.4,2,0,3,2,2,1,53.4,1,0,0
S1679,18,3.2,2.3,1.5,0,59.5,6.5,2,2,2,2,7,0,64.2,1,0,0
S1680,24,3.3,2.9,1.1,0,83.3,7.8,0,6,0,2,4,0,70.4,0,0,1
S1681,21,0.7,0.7,1,0,81.7,9.3,0,6,0,1,3,0,51.5,0,1,0
S1682,23,2.7,4.3,2.9,0,88.9,4.8,0,4,0,1,8,0,53.4,1,0,0
S1683,20,3.6,1.1,0.3,1,83.5,6.2,1,4,1,2,4,0,77.2,1,0,0
S1684,17,3.7,2.8,3.6,0,81.8,3.6,1,3,2,2,4,1,59.8,0,1,0
S1685,22,2,1.2,2.7,0,67.2,6.7,0,6,2,1,8,0,55.4,1,0,0
S1686,22,5.4,1.8,3,1,75.6,6.9,1,0,1,1,1,0,69.9,1,0,0
S1687,21,2.2,1.5,1.3,1,89.8,6.5,0,5,3,1,9,0,71.6,0,1,0
S1688,23,5,1.8,1.6,0,100,5.7,2,6,1,0,7,0,92.9,0,1,0
S1689,18,4.1,1.9,0.2,0,84,4,1,6,0,2,2,0,72.4,1,0,0
S1690,18,2.5,1.8,1.2,1,88.3,6.9,1,1,1,1,6,0,70.5,0,1,0
S1691,22,6.2,3.5,2.3,0,94.5,8.2,1,5,2,2,8,0,100,1,0,0
S1692,21,1.7,1.2,3.2,0,76.9,5.8,2,4,1,1,5,1,37.4,0,1,0
S1693,20,4.9,2.8,0.6,0,88.7,7,1,5,1,1,6,0,88.7,1,0,0
S1694,18,5,4,1.4,0,77.6,4.6,1,6,1,0,10,0,88.6,0,1,0
S1695,20,2.5,1.9,1.6,0,93.6,7,2,4,2,2,8,0,68.5,1,0,0
S1696,23,5.6,1.6,0.3,0,86.5,6,1,5,3,2,6,0,100,0,0,1
S1697,18,3.1,2.2,2.5,0,88,5.6,2,4,1,2,9,0,66.9,0,0,1
S1698,18,3.9,3.9,1,0,77.2,5.6,1,4,1,0,9,0,71.5,1,0,0
S1699,19,3.9,2.7,1.6,0,92.1,6,1,3,2,1,9,0,77.8,0,1,0
S1700,18,3.3,1.9,1.3,0,100,7,0,0,2,0,6,1,67.7,1,0,0
S1701,24,4.7,3.1,0.9,0,74.9,4.9,2,4,1,1,9,1,96.4,0,1,0
S1702,17,4.7,1.2,1.8,0,81.6,6,1,1,3,2,3,0,83.1,0,1,0
S1703,24,0.9,3.3,1.6,1,87.3,6.5,0,6,2,2,5,0,37.9,0,1,0
S1704,21,5.5,3,1.4,0,92.9,5.2,1,6,1,2,2,1,76.3,1,0,0
S1705,21,1,2.1,1,0,79.4,8.7,1,1,2,1,8,1,52.6,1,0,0
S1706,20,5,1.5,2.2,0,56.7,5.5,0,2,3,1,4,0,83.6,1,0,0
S1707,24,5.2,1.4,3.6,0,98.6,5.7,2,4,2,1,6,0,92,0,1,0
S1708,24,1.9,3.1,2,0,92.6,5.3,2,4,0,0,6,0,53.2,0,1,0
S1709,24,2.9,4,2.9,0,67.6,8.7,0,4,1,2,5,1,56.4,0,0,1
S1710,23,1.8,1.7,0.3,0,78.9,7.2,1,5,1,2,1,0,58.1,0,1,0
S1711,18,3.2,3.1,2,0,100,5.4,2,4,1,1,7,0,70.9,0,1,0
S1712,17,3,0,0.6,1,99.5,7.8,1,4,2,1,10,0,98.7,0,1,0
S1713,20,4.7,1.8,0.2,1,94.4,6.7,1,1,2,2,8,0,83.3,1,0,0
S1714,24,5.5,2.5,1,0,83.2,6.8,1,0,2,2,1,1,80.6,1,0,0
S1715,24,5.6,1.4,3.1,0,85.8,6.1,2,0,3,2,10,0,91.3,0,1,0
S1716,19,2.7,1.4,2.8,0,83.7,5.6,2,2,1,1,7,1,63.5,0,1,0
S1717,20,3.2,1.7,2.1,1,96.3,6.9,2,1,3,1,4,1,66.3,1,0,0
S1718,24,1,2.9,0.1,0,76.2,5.8,0,4,2,2,6,0,49.9,1,0,0
S1719,20,2.3,2.3,1.6,1,76.9,8.7,1,0,1,2,9,0,68.9,0,1,0
S1720,18,4.9,0,2.1,1,95.1,5,2,3,2,1,5,0,94.2,1,0,0
S1721,19,5.9,0,2,1,84.6,8.3,0,3,1,2,8,0,100,0,1,0
S1722,20,1.6,1.8,0,0,98.8,6.4,2,3,2,2,5,0,58.6,0,1,0
S1723,17,2.6,3,0.8,0,78.3,6.9,2,4,2,1,2,0,53.2,1,0,0
S1724,17,3.5,0,1.7,0,84.5,7.5,0,4,1,1,4,1,70.5,0,1,0
S1725,21,3.9,1.9,2.4,0,75.8,5.7,2,2,2,1,2,0,64,1,0,0
S1726,19,2.3,1.9,0,1,85.1,7.5,1,6,2,0,7,1,77.4,0,1,0
S1727,19,4.1,4.2,1.6,0,70.2,3.3,2,2,1,2,7,0,57.4,0,1,0
S1728,21,2.8,2,2,0,80.1,5.6,1,2,0,1,3,1,59.9,0,0,1
S1729,20,3.5,3,2.7,0,70.6,5.4,1,5,1,2,7,0,66.7,0,1,0
S1730,19,4.3,2.7,2.6,1,91.9,5,2,3,2,2,1,0,58.4,1,0,0
S1731,17,3.5,0,2.4,0,92.2,6.2,2,4,3,0,1,0,63.6,0,1,0
S1732,17,2.8,3.4,0.9,0,67.7,7,0,3,3,1,9,0,62.6,0,1,0
S1733,24,3.3,2.8,0,0,98.3,7.3,1,2,2,2,6,0,70.6,0,1,0
S1734,18,3.4,3.1,1.4,0,100,6.8,0,4,2,2,5,0,75.2,1,0,0
S1735,19,2.9,7.2,2.9,1,85.5,5.7,1,1,1,2,6,0,50.1,0,1,0
S1736,20,3.1,0,3.3,0,78.6,6.9,1,0,2,1,6,0,72.8,1,0,0
S1737,21,5.9,4.6,2.6,1,100,6.6,1,0,1,1,1,1,72.7,0,1,0
S1738,21,4.3,2.2,2.3,0,71.8,7.6,1,2,1,2,5,1,76,0,0,1
S1739,20,3.1,2.8,2.2,0,85.2,7.4,0,6,2,2,9,1,74.1,0,1,0
S1740,23,4.5,2.4,1.2,1,86.8,6.5,0,3,0,1,4,1,79,1,0,0
S1741,22,3,2,1.7,0,98.5,5.4,0,1,2,2,3,0,51.3,1,0,0
S1742,18,5.3,1.8,3.6,0,88.6,5.7,1,4,2,1,1,1,71,1,0,0
S1743,21,4.1,2.9,0.8,1,80,5.8,2,6,1,2,2,1,76.4,1,0,0
S1744,19,3.3,0.7,3.6,0,75.5,6.1,0,3,1,2,3,1,52.6,1,0,0
S1745,18,4.2,3.4,1.4,0,81.6,6.8,2,2,3,1,4,0,74,1,0,0
S1746,19,1.1,2,3.3,0,74.9,7.4,2,3,2,2,7,0,42.6,0,1,0
S1747,23,1.8,1.1,0.3,0,85.5,6.4,2,2,1,1,6,0,49.8,0,1,0
S1748,17,1.7,2,2.4,0,79.4,6.5,2,5,1,1,8,0,45.7,1,0,0
S1749,18,3.7,4,1,0,70.1,6.7,2,0,2,0,9,1,77.2,1,0,0
S1750,24,6.1,1.9,0.2,0,97.6,5.9,0,6,2,0,6,0,98.5,1,0,0
S1751,21,6.8,2.9,2,0,80,5.4,1,0,1,1,7,0,96.2,1,0,0
S1752,18,4.5,1.6,2.9,1,72.3,4.4,2,3,1,2,4,1,71.3,0,1,0
S1753,18,4.3,3.4,0.9,0,83.3,5.7,1,1,3,2,2,0,59.2,0,1,0
S1754,18,0.8,3.3,0.2,0,85.7,7.1,2,4,2,0,9,0,51.8,1,0,0
S1755,22,2.7,4.7,1.7,1,67.5,5.7,0,2,3,2,9,0,59.3,0,1,0
S1756,18,2.3,2.3,1.7,0,88.3,6.2,2,4,2,2,4,0,58.5,0,1,0
S1757,19,2.6,3.3,2.4,0,74.5,7.1,1,0,3,2,3,1,44.5,1,0,0
S1758,17,3.2,2.6,2.8,0,100,7.1,1,1,1,2,10,1,75.4,0,1,0
S1759,23,2.8,4.1,1.7,1,90.2,5.2,1,1,2,1,6,1,54.9,1,0,0
S1760,20,0.5,1.6,3.8,1,81,7.7,2,4,0,1,3,1,30.2,0,1,0
S1761,18,4.6,3.4,2,0,77.5,7.9,2,0,2,2,1,1,71.8,1,0,0
S1762,21,1.9,2.3,1.4,0,84,5.1,1,4,1,0,4,0,51.8,0,1,0
S1763,18,3.9,2.4,0,1,91.1,5.5,2,3,1,0,1,1,59.5,0,1,0
S1764,21,6.6,2.6,1.5,0,84.7,7.9,1,1,3,0,2,0,96.6,0,1,0
S1765,19,2.1,2.8,1.4,1,82.8,6.3,0,1,3,1,3,0,44.1,0,1,0
S1766,21,0,2.4,2.9,0,85.6,3.8,0,3,0,1,8,0,30.5,0,1,0
S1767,24,3.1,2.8,2.3,0,79,4.8,0,0,2,1,10,0,63.7,0,1,0
S1768,20,5.2,4.4,0.5,0,81.6,6.2,1,1,1,0,4,0,74,1,0,0
S1769,17,6.4,3.7,2,0,64.1,5.1,1,6,1,2,4,0,98.8,0,1,0
S1770,21,1.7,3.5,2.5,0,94.7,6,2,5,2,2,10,0,53,1,0,0
S1771,21,4.2,2,3.5,0,88,6.5,2,5,1,1,9,0,84.6,1,0,0
S1772,17,2.8,1.4,2.8,0,77.3,8.3,0,5,3,0,7,0,73,1,0,0
S1773,20,3.3,3.6,2.6,0,100,6.2,1,2,1,0,2,1,57.1,0,1,0
S1774,18,7.5,3.6,1.9,1,85.9,7.8,1,6,2,1,3,0,100,1,0,0
S1775,21,1.2,4.3,2.2,0,74.6,8.2,1,2,2,1,4,0,36.2,0,1,0
S1776,17,3.9,1.8,3.2,0,93.6,8.2,0,0,1,1,4,0,65.6,0,1,0
S1777,24,4.2,2.2,0.3,1,89,6.8,0,3,1,2,10,1,87.5,0,0,1
S1778,24,5.1,0.5,1.4,0,88.9,4.1,2,4,2,1,8,0,100,0,1,0
S1779,19,3.6,2,1,1,80.7,7.1,2,6,2,1,10,0,85.6,1,0,0
S1780,17,4,3.7,2.2,0,89.5,7.8,0,0,1,1,10,1,89.4,1,0,0
S1781,19,2.9,1.9,3.2,0,82.4,6.4,1,4,2,2,6,0,66.9,1,0,0
S1782,24,3.9,3.3,1.1,1,90.6,8.6,1,0,0,2,3,0,56,1,0,0
S1783,20,3,2.3,0,0,66,7.5,2,2,1,2,9,0,77.9,0,1,0
S1784,18,4.4,2.9,1.3,0,80.7,7.2,1,5,1,2,10,0,91.3,0,1,0
S1785,17,2.9,1.1,2.8,0,100,7.8,0,3,0,1,8,0,68.4,1,0,0
S1786,23,4.1,2.6,2.4,0,77.3,6.9,2,2,2,1,9,0,85.3,0,1,0
S1787,24,3.5,0,2.3,0,79,3.5,1,3,2,2,5,1,64.4,0,1,0
S1788,24,5.2,2.3,1.5,0,80.5,5.9,1,6,3,0,3,0,82.8,0,1,0
S1789,23,3.4,0.5,0.4,0,72.9,7.9,1,4,2,2,4,0,78,0,1,0
S1790,22,0.8,3.9,2.4,0,62.9,5.5,1,0,3,2,5,0,31.5,0,1,0
S1791,24,5.4,3.4,0.9,0,82.7,6.2,1,1,2,2,9,0,92.3,0,1,0
S1792,21,2.1,3.1,4.2,0,86.4,5.2,1,1,2,0,9,1,50.1,1,0,0
S1793,20,2.5,4.3,2.4,0,84.5,8.6,1,3,3,2,3,0,49.4,1,0,0
S1794,17,2.6,1.4,1.2,0,83.6,8.5,0,5,2,1,7,0,80.3,1,0,0
S1795,23,5.6,4.6,1.1,0,85.4,5.4,2,5,0,0,6,1,89.7,0,1,0
S1796,21,0.3,3.6,1.7,0,95.2,6.7,0,3,2,1,4,1,33.6,0,1,0
S1797,23,8.2,2.2,1.5,0,83.1,5.7,0,2,3,2,5,1,100,0,1,0
S1798,17,5.1,3.9,3,0,79.3,7.2,2,1,2,1,10,0,90.6,1,0,0
S1799,19,3.8,1.2,2,0,82.2,7.1,2,2,2,1,2,1,66.3,1,0,0
S1800,17,3.4,1.5,1,0,90.8,7.5,2,4,2,0,7,1,86.1,0,1,0
S1801,22,3.9,1.8,3.9,0,99.1,6.9,1,1,3,2,4,0,65.5,1,0,0
S1802,17,4.3,1.9,1.9,0,78.7,10,1,4,0,2,2,0,82.9,0,1,0
S1803,17,4.5,1.2,2.6,0,86,5.3,2,0,2,2,6,1,76.3,1,0,0
S1804,22,4.3,4,1.1,1,88.4,4.4,2,2,1,1,2,1,59,1,0,0
S1805,20,3.6,2.2,2.2,0,75.1,6,1,3,2,1,10,1,76.1,1,0,0
S1806,24,3.2,2.9,2.1,0,85.2,4.6,2,1,2,2,2,1,40.3,1,0,0
S1807,17,3.3,1.8,0,0,70.3,4.7,0,2,1,1,7,1,65.2,1,0,0
S1808,22,3.2,0.3,4,1,67.3,5.3,2,3,1,2,1,0,43.9,0,1,0
S1809,21,5.2,2.8,3.2,0,88.7,5.4,2,0,2,2,7,1,89.5,1,0,0
S1810,19,4.4,0.2,1.4,0,81.2,5.4,2,1,1,1,10,0,80.7,0,1,0
S1811,19,0,2.4,0.6,1,87,7.1,2,4,1,1,5,0,53,1,0,0
S1812,17,4.5,0.9,2.2,0,84.8,5.9,2,0,2,2,1,0,70.6,1,0,0
S1813,20,3.8,4.9,1.9,0,75.2,6.3,0,5,1,1,6,0,65.5,1,0,0
S1814,20,3.5,3.6,2.2,0,84.5,7.6,1,3,1,1,7,0,75.1,0,1,0
S1815,21,2.9,2.6,2,0,72.7,5.6,0,1,3,2,1,0,43.5,1,0,0
S1816,17,5.2,4,2.4,0,98.9,6.2,1,1,1,1,9,0,80.6,1,0,0
S1817,19,4.9,1.5,3.4,0,71.4,6.9,2,6,1,2,7,1,88.2,1,0,0
S1818,20,2.3,3.2,2.4,0,83,4.2,1,6,2,0,1,1,48.5,0,1,0
S1819,17,4.1,2.7,0.6,0,74.6,3.6,1,0,2,2,3,0,67.3,0,1,0
S1820,23,2,2.8,3.3,0,90.7,6.9,1,1,3,0,5,0,50.7,0,1,0
S1821,20,1.4,4,3.6,0,81.7,7.1,2,3,3,0,4,0,35.4,0,1,0
S1822,22,2.6,3.4,5.3,0,79.8,9,0,0,2,2,2,0,49.1,1,0,0
S1823,23,4.8,2.8,0.6,0,93.5,6.7,1,4,1,2,1,0,85.4,0,1,0
S1824,24,4.9,0.5,2.1,0,85.3,7.5,0,0,0,1,4,0,83.9,0,0,1
S1825,20,4.3,1.3,0,1,90.2,6.3,2,0,1,1,7,0,90.4,0,1,0
S1826,19,4.6,2.4,2.4,0,75.2,6.9,0,4,1,2,4,0,87.8,0,1,0
S1827,18,4.3,2.6,1.2,0,71,8.5,2,5,2,1,9,0,87.5,1,0,0
S1828,23,2.5,1.1,3.9,0,86.1,4,1,6,2,2,8,0,58.2,1,0,0
S1829,24,4.1,5.4,0.9,0,81.8,7,0,3,0,2,8,1,73.2,1,0,0
S1830,21,4.7,4.3,0,0,91.3,9.1,2,5,2,2,5,0,83.5,1,0,0
S1831,21,4.6,3.2,1.3,0,84.2,6.8,0,5,1,1,1,1,77.6,1,0,0
S1832,19,5.3,2.6,0,1,87.1,8.5,1,5,1,1,9,1,98.4,0,1,0
S1833,20,4.6,2.2,2.6,0,68.8,5.7,0,6,2,2,2,0,78.5,0,0,1
S1834,17,4,1.4,0,1,100,6.5,1,2,1,0,6,1,81.1,0,0,1
S1835,20,5.1,2.6,1.8,0,83.4,6.5,1,6,1,1,10,0,100,1,0,0
S1836,19,3.5,2.8,0,0,92,3.8,1,5,0,0,5,1,58.7,0,1,0
S1837,21,2.2,1,1.4,0,76.6,5.1,0,2,1,0,10,0,62.6,1,0,0
S1838,20,3.3,2.9,3.6,0,88.1,5.2,1,4,2,1,8,1,60.3,0,1,0
S1839,21,2.4,2.3,2.2,0,72,7.5,2,6,3,1,3,0,63.9,0,1,0
S1840,23,2.5,0.2,0.9,1,89.5,7.5,2,3,1,2,6,1,80,0,1,0
S1841,24,3.3,1.5,1.8,1,81.4,6.9,1,5,1,1,6,0,62.6,0,1,0
S1842,17,2.3,2,1.8,0,85.3,7.5,1,1,2,1,10,0,71.4,1,0,0
S1843,23,3,4.8,2.3,1,92,6.3,1,4,3,0,3,0,60.6,1,0,0
S1844,21,0.7,3.2,0.3,1,72.7,7.9,1,2,1,2,7,1,47.2,1,0,0
S1845,21,3.8,0.9,2.5,0,78.2,6.5,0,6,1,1,4,1,78.1,0,1,0
S1846,18,3.5,3.1,0,0,89.6,6.6,1,3,2,2,5,1,75.5,0,1,0
S1847,18,2.3,0.6,1.1,0,100,6.2,1,0,2,2,9,0,73.5,0,1,0
S1848,23,4.5,3.8,1.3,0,83.6,7.3,1,3,1,0,6,0,74.6,0,0,1
S1849,22,4.9,1.9,2.5,0,90.9,6,1,3,2,1,10,0,98.7,0,1,0
S1850,23,1.1,2.4,1.8,0,83.9,7.7,2,5,1,1,4,1,49.2,1,0,0
S1851,18,2.4,4.1,0.3,0,100,5.1,0,5,2,2,8,0,67.4,1,0,0
S1852,21,2.3,1,0.7,0,67.5,5.2,2,6,2,2,9,0,72.5,0,1,0
S1853,19,2.1,0.8,2,0,85.9,7.3,2,6,3,2,10,1,68.4,1,0,0
S1854,23,4.7,1.8,1.7,0,68.7,6.4,1,2,1,1,5,0,70,1,0,0
S1855,21,3.2,3.7,1.2,0,59.9,6,1,6,1,2,2,0,56.1,1,0,0
S1856,19,3.1,0.7,1.3,1,88,7.6,1,2,1,0,6,1,81.5,1,0,0
S1857,19,0.5,0,2.6,1,86.4,5.8,0,5,3,0,8,1,45,0,1,0
S1858,18,4.5,2,1.2,1,82.2,6.3,1,5,1,2,5,1,84.4,0,1,0
S1859,23,1.6,3.2,1.7,0,83.9,8.2,2,1,1,2,1,0,36.8,1,0,0
S1860,20,3.6,3.9,4.2,0,100,8.3,0,1,1,0,8,1,65.6,1,0,0
S1861,17,3.9,1.9,0.2,0,82.4,8.4,1,4,2,0,9,1,93.5,0,1,0
S1862,18,5.5,2,0,0,90.1,6.2,2,5,1,0,1,0,93.7,1,0,0
S1863,18,1.5,3.9,2.7,0,78.5,8,2,0,1,0,8,1,42.3,1,0,0
S1864,20,0,0.3,1.1,1,88,5.4,1,1,1,1,10,1,53.3,1,0,0
S1865,17,3.8,2,1.4,0,82.6,5.4,2,2,3,2,2,0,65.9,0,1,0
S1866,21,6.2,2.7,0.9,0,80.9,3.7,1,3,2,2,4,1,87.9,1,0,0
S1867,22,5.4,3,1.5,0,100,8.5,0,6,2,2,2,0,94.5,1,0,0
S1868,23,3.8,1.9,3.6,0,96.8,5.5,1,6,3,2,2,0,77.8,0,1,0
S1869,22,2.8,2.5,2.7,1,86.4,6.3,1,4,3,1,10,0,74.6,0,1,0
S1870,21,4.7,0,2.7,1,62,5.4,2,1,1,2,3,0,67.5,0,0,1
S1871,24,2,1.7,0.2,1,81.4,7.3,0,3,3,2,8,1,66.5,0,1,0
S1872,18,4.2,3,0.5,0,100,6,1,3,0,1,4,0,78.4,1,0,0
S1873,17,4.3,1.3,0,0,82.7,4.9,1,1,1,2,7,0,84.9,1,0,0
S1874,18,5.1,2.6,0.9,0,96,7,1,0,3,1,10,0,96.6,0,1,0
S1875,19,7.6,3,2.9,0,99.4,4.8,0,0,1,2,3,0,100,1,0,0
S1876,18,4.1,2.1,2.4,0,87.2,5.5,1,4,1,2,10,0,83.1,0,1,0
S1877,18,2.7,2.7,1.6,0,76.6,4,2,0,1,1,3,0,36.9,1,0,0
S1878,21,3.5,1.3,1.8,1,60.6,4.8,1,4,2,2,2,0,60,0,1,0
S1879,21,0.8,2.3,1,0,91.8,6.7,1,2,1,0,6,0,44.3,1,0,0
S1880,21,2.5,3.2,2,0,76.9,4.1,1,1,2,2,6,0,41.6,0,1,0
S1881,22,2.9,2.7,2.6,1,86.8,4.7,1,3,3,1,1,0,45.5,0,1,0
S1882,19,2.7,1.8,0,0,72.5,6.5,1,4,2,0,7,0,68.2,0,0,1
S1883,24,3.7,2.8,2.1,0,82.3,5.8,2,6,1,1,4,0,75.5,0,1,0
S1884,24,2.3,3.4,2.8,0,85.3,8.9,2,0,3,2,3,0,40.9,1,0,0
S1885,21,5.2,0,1.3,0,87.7,8.7,1,6,1,0,8,0,100,0,1,0
S1886,17,3.5,3.9,2.6,0,73.9,5.5,1,4,1,2,2,1,65.6,1,0,0
S1887,22,3.5,2.1,4.9,0,97,7.2,2,5,0,0,9,0,75.9,0,1,0
S1888,20,3,3,1.7,1,79,7.4,1,4,2,2,8,1,69.8,0,0,1
S1889,17,3.7,3.9,2.2,1,68.3,5.8,1,0,1,2,8,0,66.6,0,1,0
S1890,23,4.7,0.9,1,1,83.9,4.7,1,5,1,1,3,0,84.5,0,1,0
S1891,23,2.2,1.6,2,1,85.3,6.5,2,5,1,1,4,1,65.6,0,1,0
S1892,17,2.5,2.2,2.3,0,86.6,6.3,1,0,1,2,2,0,46.8,0,1,0
S1893,21,3,1.6,2,0,98.6,6,2,5,2,2,2,0,67.7,1,0,0
S1894,20,1.5,4.6,0.7,1,82.6,7,2,1,2,2,4,1,45.4,0,1,0
S1895,20,2.3,1.5,2,0,83.8,5.6,1,3,2,1,6,0,57,1,0,0
S1896,22,2.8,1.8,3.4,1,74,5.1,2,6,1,1,5,0,58.4,0,1,0
S1897,20,4.8,2.7,2.3,0,93.2,6.6,2,1,1,2,1,1,70.8,0,1,0
S1898,23,3.9,1.1,2.9,0,86.8,7,1,1,3,1,10,0,75.7,1,0,0
S1899,19,3.8,2,1.5,0,80.8,5.1,0,0,0,1,1,0,55.7,1,0,0
S1900,21,4.8,2.9,2.6,0,66,7.6,0,0,3,1,6,1,82.1,0,1,0
S1901,20,3.3,2.1,2.1,0,99.4,4.4,1,6,1,2,3,1,71.4,0,1,0
S1902,22,4.1,2.4,0.8,0,72.7,5.8,1,3,3,2,3,0,66.7,0,1,0
S1903,23,3.3,1.9,2.2,0,79.1,6.2,1,4,1,1,7,0,70.9,1,0,0
S1904,19,3.9,0.7,0.7,1,88.6,5.7,0,1,1,0,1,1,73,1,0,0
S1905,18,2.6,2.9,1.1,1,73,5.8,2,5,2,0,1,1,53.9,0,1,0
S1906,18,0,4.6,2,1,70.1,8.7,1,3,2,1,10,0,43.4,1,0,0
S1907,19,3.3,2.5,2.1,0,63.8,5.5,1,1,1,1,3,0,55.4,1,0,0
S1908,23,5.6,2.8,0.5,1,92.2,9.4,1,4,2,2,8,0,100,1,0,0
S1909,22,4.9,3.3,3,0,79.5,7,1,5,2,1,1,0,71.8,1,0,0
S1910,19,4.9,1,2.4,0,100,6.6,1,1,0,1,10,0,89.2,0,1,0
S1911,21,5.4,4.5,1,0,75.1,7.1,1,2,0,2,4,0,83.9,0,1,0
S1912,21,3.6,2.7,0.1,0,75.8,9.5,0,6,1,1,9,0,89.1,0,1,0
S1913,18,3.8,4.5,1.6,1,79.3,5.3,2,3,1,2,4,0,53.5,0,1,0
S1914,20,2.6,1.6,1.3,1,87.4,5.2,2,6,2,0,10,0,72.9,1,0,0
S1915,22,3,4.7,1.9,0,80.3,5.6,1,0,1,1,8,0,61,1,0,0
S1916,18,4.4,3.4,1.4,0,91.1,6.5,2,1,1,2,7,0,69.1,0,1,0
S1917,20,5.3,3.2,0,0,75.2,4.4,2,5,1,2,3,0,77.2,0,1,0
S1918,20,3.3,2.8,1.4,1,71.2,6.5,0,5,2,1,7,0,71.9,0,1,0
S1919,24,2.8,2.2,1.5,0,67,8.5,2,3,1,2,7,1,74.7,1,0,0
S1920,21,3.5,3.9,2.5,1,62.8,6.7,2,3,0,2,10,0,74.5,0,1,0
S1921,23,4.4,2.7,1,0,79.8,6.1,1,6,0,1,3,0,85.4,1,0,0
S1922,17,1.3,0.1,3.6,0,82,5.8,0,5,3,1,2,1,44.3,0,1,0
S1923,23,0.1,1.2,0,0,78.7,7.6,0,5,1,2,9,0,53.4,0,1,0
S1924,17,2.7,2.3,3.2,1,97.4,5.5,0,5,2,1,1,1,57.4,0,0,1
S1925,19,1.7,2.9,1.6,1,97.3,8.7,2,1,0,2,7,0,53.6,0,0,1
S1926,21,2.7,2.4,2.7,0,81.7,8.8,1,5,1,2,4,1,58.8,0,1,0
S1927,20,3.3,4,1.9,0,67.1,6.8,2,0,2,2,2,0,43.5,1,0,0
S1928,22,2.8,0.2,3.1,0,79.3,6.5,2,5,1,1,2,0,65.6,1,0,0
S1929,17,5.7,2.7,1.4,0,79,7.7,2,0,3,1,8,1,89.8,1,0,0
S1930,23,4,0.3,0.6,0,78.4,7.8,2,1,3,2,7,0,89.5,0,1,0
S1931,20,4,3.4,3.4,1,78,5.5,0,3,2,1,7,1,68.8,1,0,0
S1932,17,4.4,2.4,1.7,0,78.5,5.9,1,0,2,1,5,0,76.8,1,0,0
S1933,17,1.8,3,2,0,81.1,4.9,2,1,1,1,10,0,47.5,1,0,0
S1934,24,5.1,1.5,3.2,0,78.6,7,0,5,1,0,8,1,89.3,0,1,0
S1935,17,3.4,4,0.7,1,87.1,7.3,0,1,3,2,2,0,62,0,1,0
S1936,22,4.5,3.8,2.5,0,88.6,4.9,2,5,2,1,2,1,66.1,0,1,0
S1937,21,1.9,3.2,1.2,0,75.9,6,2,6,2,2,5,0,41.7,1,0,0
S1938,22,1.2,2.3,1.7,0,97.7,4.9,1,1,1,0,1,0,28,0,1,0
S1939,18,4.7,3.2,1.9,0,75.2,5.4,2,3,0,2,6,0,71,1,0,0
S1940,20,4.1,1.7,0.1,1,68.8,7.2,2,0,3,1,4,0,67.5,0,0,1
S1941,21,2.1,3.5,0.9,0,88.8,5.6,1,6,1,2,6,0,63.4,0,1,0
S1942,24,2.2,4.5,3.3,0,76.8,6.1,0,3,1,2,7,0,50.2,1,0,0
S1943,21,5.2,3.8,2.8,0,88.2,4.5,2,2,1,0,3,0,72,0,1,0
S1944,21,1.7,1.6,1.7,0,61,6.7,1,5,2,2,8,1,67.9,1,0,0
S1945,23,6,2.9,2.1,1,98.9,6.4,0,0,0,1,7,0,100,0,1,0
S1946,21,2.1,0.9,1.5,0,91.7,5.6,1,3,2,2,1,1,55,1,0,0
S1947,24,4.5,3.2,3.3,1,70,6.3,2,0,1,2,6,1,59.9,1,0,0
S1948,22,3,3,1.6,0,70.2,6.7,1,2,3,2,7,0,63.2,1,0,0
S1949,21,4.4,0.3,2.1,0,100,5.5,1,4,2,2,4,0,84.5,1,0,0
S1950,19,2.7,1.1,3.1,0,77.6,4.7,1,5,1,1,2,0,50.8,1,0,0
S1951,20,3.3,2.2,0.9,0,76.7,8.7,2,5,2,0,10,0,94,1,0,0
S1952,21,3.6,2.1,3.5,1,62.3,5.7,0,1,1,1,9,0,65.6,1,0,0
S1953,20,2,1,0.1,0,81.5,6.4,1,5,1,1,7,0,61.7,1,0,0
S1954,19,4.6,3,3.6,0,82.7,7.7,2,5,3,2,1,1,66,0,1,0
S1955,19,2.7,2.8,1.4,1,92.2,10,0,3,1,1,8,0,86.9,1,0,0
S1956,20,3.2,2.3,1.5,0,71,5,2,6,1,2,3,0,59.6,1,0,0
S1957,17,2,1.6,0,0,69.8,7,2,5,1,1,4,0,49.1,1,0,0
S1958,18,0,3.8,1.3,1,89.5,5.7,2,5,1,1,5,0,31.1,0,1,0
S1959,23,3.2,4.5,0.7,0,95.1,5.9,1,2,3,2,1,0,45.7,1,0,0
S1960,17,7.1,1.9,1.1,1,69.3,5.6,2,6,1,1,6,0,100,0,1,0
S1961,17,4.7,1.8,1.6,0,95.8,5.1,2,2,3,2,10,0,81.1,1,0,0
S1962,22,3.5,3.1,2.9,1,85.4,6.5,2,0,3,1,6,0,55.1,0,1,0
S1963,23,3.1,2.1,2,0,95.9,4.7,0,0,1,2,2,0,53.3,1,0,0
S1964,23,3.5,2.3,2.1,0,84.3,7.6,2,5,1,0,10,1,89.1,0,0,1
S1965,17,4.3,3.4,0.6,0,59.8,6.6,1,5,3,1,6,1,77.3,0,1,0
S1966,21,1.7,0.2,0.8,0,83.5,7,0,1,1,2,8,1,56.4,0,0,1
S1967,22,5.2,4.1,3.8,0,95.6,5.9,1,0,0,2,6,0,76.1,0,1,0
S1968,22,4.6,2.6,1,0,76.1,6.1,2,3,1,1,4,0,74.6,1,0,0
S1969,19,4.6,2,3.6,1,81.1,6.8,1,5,2,1,4,0,83,1,0,0
S1970,24,4.2,2.4,1.5,0,83.2,5.1,1,3,2,1,9,1,85.9,1,0,0
S1971,23,3.5,2.5,1.8,0,56,6.1,2,5,1,1,6,0,64.5,1,0,0
S1972,17,4.5,0.4,3,0,100,5.5,1,3,1,2,8,0,91.9,1,0,0
S1973,19,4.4,4.3,3.2,0,76,5.4,2,4,3,2,8,0,74.6,0,1,0
S1974,20,3,2.5,1.7,0,90.1,4,1,3,2,0,7,0,70.9,0,1,0
S1975,18,2.6,3,1.4,0,84.1,8.1,1,6,2,1,3,0,66.7,1,0,0
S1976,24,3.7,3.6,1.7,0,97.6,5.7,2,0,2,2,10,1,77.4,1,0,0
S1977,24,5.8,1.3,2.2,1,89.1,7.9,2,5,1,1,1,1,99,1,0,0
S1978,24,1.6,3.1,2.8,0,82.7,7.8,1,0,2,2,5,1,43.5,1,0,0
S1979,22,1.3,2.2,1.8,0,76.1,5,2,6,1,0,10,0,53.4,0,1,0
S1980,20,3.7,3.5,2.5,0,93,5.2,0,6,1,2,10,1,81,1,0,0
S1981,24,3.6,0,3.6,0,66.3,9.6,1,3,2,1,2,0,66.2,0,1,0
S1982,20,3.8,2.4,2.2,1,91.5,8.6,1,2,1,2,10,0,88,1,0,0
S1983,21,3.9,1.8,2.1,0,74,6.5,0,2,3,1,2,0,64.4,0,1,0
S1984,24,3.2,3,0.1,0,97.5,6.8,1,6,1,1,7,0,82.4,0,1,0
S1985,18,5.7,3.1,0,1,86.6,5.7,1,2,3,2,3,1,80.9,0,1,0
S1986,20,1.1,1.7,2.2,0,91.4,7,0,5,3,0,8,0,59.6,0,1,0
S1987,20,2.3,1.6,1.7,1,85.8,5.6,1,1,1,1,9,0,56.2,1,0,0
S1988,18,3.3,2.4,1.2,0,67.5,4.1,1,4,2,1,8,1,72.5,0,1,0
S1989,24,1,1.4,2.1,1,76.4,4.9,1,3,1,1,6,0,47.6,0,1,0
S1990,18,3.2,3.5,1.7,0,91.7,6.5,2,1,3,2,5,0,63.6,0,1,0
S1991,20,6,2.1,3,0,86.7,5.1,2,2,1,2,3,0,85.3,0,1,0
S1992,18,3.5,0,1.9,0,96.8,6.4,1,3,2,0,3,0,71.8,0,1,0
S1993,20,3.8,2.1,1,0,89,5.2,2,1,1,2,7,0,70.9,0,1,0
S1994,20,1.6,1.3,2.9,0,75.3,5.6,2,0,1,1,5,0,41.7,1,0,0
S1995,21,2.6,0.5,1.6,0,77,7.5,1,2,1,2,6,1,76.1,1,0,0
S1996,17,2.9,1,2.4,1,86,6.8,0,1,1,1,6,1,65.9,1,0,0
S1997,20,3,2.6,1.3,0,61.9,6.5,2,5,2,2,9,1,64.4,0,1,0
S1998,24,5.4,4.1,1.1,1,100,7.6,1,0,2,1,1,0,69.7,0,1,0
S1999,19,4.3,2.9,1.9,0,89.4,7.1,2,2,2,1,8,0,74.9,1,0,0
